http://107.178.93.23/abf/f13	142e14d7872cbd783246d3be0396f3eb3c9fbd2c30d571ff3bd7769e00c08fcd
http://212.154.211.81/j.txt	45aa699c57e1ba71d602eb24d59cea679ac705733ea5b51f75da5745940f2658
http://212.154.211.81/j.txt	45aa699c57e1ba71d602eb24d59cea679ac705733ea5b51f75da5745940f2658
http://212.154.211.81/j.txt	45aa699c57e1ba71d602eb24d59cea679ac705733ea5b51f75da5745940f2658
http://212.154.211.81/j.txt	45aa699c57e1ba71d602eb24d59cea679ac705733ea5b51f75da5745940f2658
http://212.154.211.81/j.txt	45aa699c57e1ba71d602eb24d59cea679ac705733ea5b51f75da5745940f2658
http://212.154.211.81/j.txt	45aa699c57e1ba71d602eb24d59cea679ac705733ea5b51f75da5745940f2658
http://212.154.211.81/j.txt	45aa699c57e1ba71d602eb24d59cea679ac705733ea5b51f75da5745940f2658
http://212.154.211.81/j.txt	45aa699c57e1ba71d602eb24d59cea679ac705733ea5b51f75da5745940f2658
http://222.186.31.237:8080/linuxc	47af361bf52214542bffaa8fb943b6dbb777cde42a5533537da241e8bae98b78
http://222.186.31.237:8080/linuxc	47af361bf52214542bffaa8fb943b6dbb777cde42a5533537da241e8bae98b78
http://222.186.31.237:8080/linuxc	47af361bf52214542bffaa8fb943b6dbb777cde42a5533537da241e8bae98b78
http://208.67.1.142/hack/Binarys.sh	3cb719a2f0b7db80a448b31c0937c624a66d1652b7f2fbb69d968461f7a5c569
http://commentteam.ucoz.com/psybnc.tgz	02602d45a7b27e4ddf6c521db3bd8bd88c5d721a018c65dbc1047f598ea77efa
http://169.57.128.139/gb.sh	124137548cff65294f20d569ec9c07ad4ed755de8d3c03f9a4ade87f53d93aef
http://169.57.128.139/gb.sh	124137548cff65294f20d569ec9c07ad4ed755de8d3c03f9a4ade87f53d93aef
http://94.242.57.127/IRC/mips	4d522f12609821f4cffc510335714419ce0be59cd76f02b14c07da4aa3cecae5
http://149.202.153.56/p2p/blj.sh	7a5ade8216077fade8e102b8ee0eb228e905c8b3c9fd104e2f00ee285918663a
http://149.202.153.56/p2p/blj.sh	a7a23a4786eada6d13f463ee908e13864a06c2ce9c5261bfadbda998bf658d61
http://149.202.153.56/p2p/blj.sh	f25eea024d8d27c5781a264c9e77bc7a57b3e51316a5b979f53be58945977d7d
http://208.67.1.18/hackdaplanet.sh	8db3e9535c8d1654544992435b32283e2c24b0d1c96c3e25f3cf9aafb73fd4bf
http://208.67.1.18/hackdaplanet.sh	d7d01218f99925f5183707c225653ffbbdd2700ab239c6b32f8ec0957bce8e33
http://208.67.1.18/hackdaplanet.sh	29a335decb6aacbe8cf7dfc6415ae91ed420fec22a9157899692031292a34d9e
http://69.30.218.62/Bot/stun.sh	c0a6d09931baaf75a1462c421321bdceaaea665c4ede866ba1129d65602cb5ef
http://69.30.218.62/Bot/stun.sh	325423be5b794146cc2035351f7a0fa3a7330ded68289942a68b3ab70c6ce19c
http://69.30.218.62/Bot/stun.sh	325423be5b794146cc2035351f7a0fa3a7330ded68289942a68b3ab70c6ce19c
http://69.30.218.62/Bot/stun.sh	325423be5b794146cc2035351f7a0fa3a7330ded68289942a68b3ab70c6ce19c
http://69.30.218.62/Bot/stun.sh	325423be5b794146cc2035351f7a0fa3a7330ded68289942a68b3ab70c6ce19c
http://69.30.218.62/Bot/stun.sh	325423be5b794146cc2035351f7a0fa3a7330ded68289942a68b3ab70c6ce19c
http://69.30.218.62/Bot/stun.sh	325423be5b794146cc2035351f7a0fa3a7330ded68289942a68b3ab70c6ce19c
http://208.67.1.26/Bot/stun.sh	d4931fd3569c65e2f94b8123226ad8aa0a4f89b6ecfe914fc39f37cc9108e392
http://69.30.218.62/Bot/stun.sh	325423be5b794146cc2035351f7a0fa3a7330ded68289942a68b3ab70c6ce19c
http://149.202.153.56/p2p/blj.sh	a4264e79e3f17f1f958834c48e1e2a983e0f16842327e648df53a2ec195c6001
http://69.30.218.62/Bot/stun.sh	325423be5b794146cc2035351f7a0fa3a7330ded68289942a68b3ab70c6ce19c
http://208.89.211.111/bin.sh	d8747da1de6bed670b47bf70069a2230fad13e6b6a198671f70fee38abfd1b2d
http://musti.be/lul	c8f393222de8ae2822b854f9a70b8858591535ef16125b1b283893945fdda197
http://jorina.eu/test201.tgz	d08bdec94a3e94df1be3b095dbfc206b3481b268e85811cc902e4a48eb053d25
http://23.94.97.18/Syn.sh	3ef135a4864bdabd8619ca5087587268161bc3916dbee1217fa1183a9bf37356
http://23.94.97.18/XS.pl	77273358594cb6b6934db91f8562076f0d095a04434429e317d1df486a4f6fb5
http://23.94.97.18/Syn.sh	3ef135a4864bdabd8619ca5087587268161bc3916dbee1217fa1183a9bf37356
http://23.94.97.18/Syn.sh	fa325e82b284193ae8eb1fa48a0ca4da0fed6b947d621e99926dabe2388605d8
http://185.61.138.133/eko.sh	aa98115398210e19fbd810809f917043ed858dbd5a880c8433a1256ad8d04755
http://185.61.138.133/XS.pl	746eba20f4458e81b78412477e0af39cdda3d4d314d0736ddeb77bfa817337c1
http://185.61.138.133/eko.sh	aa98115398210e19fbd810809f917043ed858dbd5a880c8433a1256ad8d04755
http://www.psybnc.net/psyBNC-2.3.2-7.tar.gz	69f692196e3d3c3178c2982a5c0e7932feec682324714b02d47819b527c57de4
http://www.psybnc.net/psyBNC-2.3.2-7.tar.gz	69f692196e3d3c3178c2982a5c0e7932feec682324714b02d47819b527c57de4
http://www.psybnc.net/psyBNC-2.3.2-7.tar.gz	69f692196e3d3c3178c2982a5c0e7932feec682324714b02d47819b527c57de4
https://www.dropbox.com/sh/fdddjbcum41g5gm/AAD2l8NyMfOEigrMznwp9d4na/fresh.tgz	eb30806c16fa12bbc530475eaf24f7f7ae8e272b849fc782a9a1e939fbc3a290
http://www.psybnc.net/psyBNC-2.3.2-7.tar.gz	69f692196e3d3c3178c2982a5c0e7932feec682324714b02d47819b527c57de4
http://185.61.138.133/eko.sh	79c9517fc73e68bb8285d8ff821e251ec5515bb5f630d499dc60f23f5b791882
http://185.61.138.133/eko.sh	79c9517fc73e68bb8285d8ff821e251ec5515bb5f630d499dc60f23f5b791882
http://185.61.138.133/eko.sh	79c9517fc73e68bb8285d8ff821e251ec5515bb5f630d499dc60f23f5b791882
http://185.61.138.133/eko.sh	79c9517fc73e68bb8285d8ff821e251ec5515bb5f630d499dc60f23f5b791882
http://185.61.138.133/gb.sh	4e0b9df06c3c473eda517a5e6b26c5e9537dc045f07a819a5f43b422ca8549f4
http://185.61.138.133/perl.pl	9eaafb52d3cd5d25070fc425daad1ca19172abc10249c139ed8c37302fc44237
http://185.61.138.133/eko.sh	79c9517fc73e68bb8285d8ff821e251ec5515bb5f630d499dc60f23f5b791882
http://212.154.211.81/j.txt	45aa699c57e1ba71d602eb24d59cea679ac705733ea5b51f75da5745940f2658
http://212.154.211.81/j.txt	45aa699c57e1ba71d602eb24d59cea679ac705733ea5b51f75da5745940f2658
http://185.61.138.133/eko.sh	79c9517fc73e68bb8285d8ff821e251ec5515bb5f630d499dc60f23f5b791882
http://185.61.138.133/eko.sh	79c9517fc73e68bb8285d8ff821e251ec5515bb5f630d499dc60f23f5b791882
http://185.61.138.133/eko.sh	79c9517fc73e68bb8285d8ff821e251ec5515bb5f630d499dc60f23f5b791882
http://188.209.52.70/XS.pl	ced65d4afbd7c37f4bf8eb303edd04578a5516a305a0c16d48acd67d96944afa
http://188.209.52.70/xex.sh	90c56e63aeb6b76d9024989d2dbf773026b2bf44ca4ceec84162e2e969d69e0c
http://188.209.52.70/xex.sh	1df92197639ec079d0eab6b4e1399a02a8b37e045dc862d6b204ee084726c335
http://188.209.52.70/xex.sh	6ffea08f7656594b7f377b4c53dc523269b2c5f40e2d3750590cc8ce08331fe8
http://23.247.5.34:7521/jieke	f78d2dfea100769de0a409a6b2a1bd430e912f6931a8184e8443ecbd0b7f9a72
http://bossu.pe.hu/ssh.txt	3277084406caa767dfe1df4b3113dc99110703db0272ed4c9a5651453e707b30
http://185.61.138.133/xex.sh	6b361681d27c0c2d33b45f92001180452355ef9e7a4e0bb267d18906aca1b671
http://downloads.securityfocus.com/vulnerabilities/exploits/IPB_sedXPL.pl	ae00cbf2c67f3bb7bdc815211ab935c96e2f88e4f08f542f7c802c2ec6e916f9
http://blackteam.altervista.org/blackteam/autobnc.tgz	d2230a4ecab91fbe75c6fa96458a6d04e7ab2d721943d3fcdaf06837af4aa0a0
http://23.247.5.22:2016/1111	d0125daa0d349f6ef5c4cc925f5bbf227d032a1a7b94e0d7ddbc8f9f94e9ddd4
http://Www.pubcs16.ro/red1.tgz	d1a0b6f8412c934f0ec12600e74cdd04a774675dc0b57ac5df4562edd75ff5e1
http://208.67.1.142/ddos.pl	e92d3e56965af7ea843ac50a1b654b072eab5126280ee3680d1dccbc4735f522
http://208.67.1.142/hack/Binarys.sh	3cb719a2f0b7db80a448b31c0937c624a66d1652b7f2fbb69d968461f7a5c569
http://klx.clan.su/perl.pl	d4a93edfb0db9af21d8d1332bf94ab1aff0575bb2b1efa8cacca4f425328e257
http://149.202.153.56/p2p/blj.sh	a4264e79e3f17f1f958834c48e1e2a983e0f16842327e648df53a2ec195c6001
http://149.202.153.56/blj.pl	142bcfa08cc7b9e33bac4a128c65cd5dd449e46dcc36628777af362873b611bf
http://149.202.153.56/p2p/blj.sh	a4264e79e3f17f1f958834c48e1e2a983e0f16842327e648df53a2ec195c6001
http://musti.be/lul	c8f393222de8ae2822b854f9a70b8858591535ef16125b1b283893945fdda197
http://musti.be/lul	c8f393222de8ae2822b854f9a70b8858591535ef16125b1b283893945fdda197
http://musti.be/lul	c8f393222de8ae2822b854f9a70b8858591535ef16125b1b283893945fdda197
http://musti.be/lul	c8f393222de8ae2822b854f9a70b8858591535ef16125b1b283893945fdda197
http://musti.be/lul	c8f393222de8ae2822b854f9a70b8858591535ef16125b1b283893945fdda197
http://musti.be/lul	c8f393222de8ae2822b854f9a70b8858591535ef16125b1b283893945fdda197
http://ddosgoofy.esy.es/test.py	b0fbdb3c635ef646cb652a39146240b3bf984df401d3a9421e305aa785817f5a
http://musti.be/lul	c8f393222de8ae2822b854f9a70b8858591535ef16125b1b283893945fdda197
http://musti.be/lul	c8f393222de8ae2822b854f9a70b8858591535ef16125b1b283893945fdda197
http://musti.be/lul	c8f393222de8ae2822b854f9a70b8858591535ef16125b1b283893945fdda197
http://musti.be/lul	c8f393222de8ae2822b854f9a70b8858591535ef16125b1b283893945fdda197
http://107.160.4.237:8080/txma	d1d7939224db53697cfdb84f908222e9f6ed0e78b06fe11ec3ca2c8bf91c591d
http://212.154.211.81/j.txt	45aa699c57e1ba71d602eb24d59cea679ac705733ea5b51f75da5745940f2658
http://212.154.211.81/j.txt	45aa699c57e1ba71d602eb24d59cea679ac705733ea5b51f75da5745940f2658
http://vvvdj.f3322.net/Dns	f26099bc530517250fd8917ccc6cc9f323e84067fd73d2a6af61aad8989f914b
http://vvvdj.f3322.net/Dns	f26099bc530517250fd8917ccc6cc9f323e84067fd73d2a6af61aad8989f914b
http://vvvdj.f3322.net/Dns	f26099bc530517250fd8917ccc6cc9f323e84067fd73d2a6af61aad8989f914b
http://vvvdj.f3322.net/Dns	f26099bc530517250fd8917ccc6cc9f323e84067fd73d2a6af61aad8989f914b
http://45.34.88.166:8080/xudp	d672d6987f7328685409b4b404a0c3c54d28c97c612702b10d073adf9883b153
http://vvvdj.f3322.net/Dns	f26099bc530517250fd8917ccc6cc9f323e84067fd73d2a6af61aad8989f914b
http://vvvdj.f3322.net/Dns	f26099bc530517250fd8917ccc6cc9f323e84067fd73d2a6af61aad8989f914b
http://94.102.49.197/get.sh	16d9d7e79f7b36729c99ba32fa093617fc6b000b55e5138f1785ced92dd136e3
http://94.102.49.197/get.sh	76a6e00c1a7b406d12b5bc06f428c174c871e30d3cd236197cd07fb08cb5e258
http://94.102.49.197/get.sh	348a9fc7808606dc2d7c683547424542a0b474b399c57db67653a4d42595a244
http://94.102.49.197/get.sh	6bd23db83be04ff9f55ed8f6edfa5ee0f2d976fea1b81c4a182af4d0cef66925
http://94.102.49.197/get.sh	6bd23db83be04ff9f55ed8f6edfa5ee0f2d976fea1b81c4a182af4d0cef66925
http://94.102.49.197/get.sh	6bd23db83be04ff9f55ed8f6edfa5ee0f2d976fea1b81c4a182af4d0cef66925
http://94.102.49.197/get.sh	6bd23db83be04ff9f55ed8f6edfa5ee0f2d976fea1b81c4a182af4d0cef66925
http://94.102.49.197/get-curl.sh	5d106e568e6fee10ec9bef3bb617d11c023bac6684c90a609702494a5cca21f3
http://94.102.49.197/get.sh	6bd23db83be04ff9f55ed8f6edfa5ee0f2d976fea1b81c4a182af4d0cef66925
http://94.102.49.197/get-curl.sh	370983ad2f83c2e22a336e5ea673b79fff419aa5bd7801a92c22bbf33b8adfc7
http://94.102.49.197/gb-curl.sh	66324cfefbeb765a93b8d6c3f684b9bcb6cd83b46ce23a1cb28e5ce3ed79faf2
http://94.102.49.197/gb-wget.sh	b1514d459bb5ec8a2d818e812a735ee45d2c374ae44d09607ccd5401b37572cc
http://94.102.49.197/gb-wget.sh	b1514d459bb5ec8a2d818e812a735ee45d2c374ae44d09607ccd5401b37572cc
http://94.102.49.197/gb-wget.sh	b1514d459bb5ec8a2d818e812a735ee45d2c374ae44d09607ccd5401b37572cc
http://94.102.49.197/gb-curl.sh	66324cfefbeb765a93b8d6c3f684b9bcb6cd83b46ce23a1cb28e5ce3ed79faf2
http://23.234.25.140:15826/25002	bfa080c361c8180c681d0ba3c9663e9e933352f4ec3396c486f2094def27a2c2
http://94.102.49.197/gb-curl.sh	66324cfefbeb765a93b8d6c3f684b9bcb6cd83b46ce23a1cb28e5ce3ed79faf2
http://23.234.25.140:15826/25002	bfa080c361c8180c681d0ba3c9663e9e933352f4ec3396c486f2094def27a2c2
http://23.234.25.140:15826/25002	bfa080c361c8180c681d0ba3c9663e9e933352f4ec3396c486f2094def27a2c2
http://23.234.25.140:15826/25002	bfa080c361c8180c681d0ba3c9663e9e933352f4ec3396c486f2094def27a2c2
http://155.94.224.135:8585/s350	1b9722ec0e5350041d240ca2561d173c0896e87184c7510b1979e4f50f4216ec
http://155.94.224.135:8585/u350	a6cd0be8965f0b67af00f4c1a115d905d58ea0302d29fb75b57210cee3e7e232
http://155.94.224.135:8585/s350	1b9722ec0e5350041d240ca2561d173c0896e87184c7510b1979e4f50f4216ec
http://155.94.224.135:8585/u350	a6cd0be8965f0b67af00f4c1a115d905d58ea0302d29fb75b57210cee3e7e232
http://23.234.25.140:15826/25002	bfa080c361c8180c681d0ba3c9663e9e933352f4ec3396c486f2094def27a2c2
http://104.216.59.163:7788/xiaoma	e5c8645618b1f67f809083b1df1d4141741fbf850b6aa6796cfd943400c0f30f
http://104.216.59.163:7788/dama	62432ba9f96d84b117bd4de6e3ece3b0cecd260dbb2e2addd907ab8696eb6ef1
http://104.216.59.163:7788/dama	82322c61c2ead5e483e94220e8f5c95fbfc080cd7942da872c60f21ff488c120
http://23.234.25.140:15826/25002	bfa080c361c8180c681d0ba3c9663e9e933352f4ec3396c486f2094def27a2c2
http://222.186.34.196:8878/udp39171	29fb1bec18da0ef81bc163132a9b7beca7dd9c0aba1096cf54fee9729e9c2240
http://104.216.59.163:7788/dama	82322c61c2ead5e483e94220e8f5c95fbfc080cd7942da872c60f21ff488c120
http://104.216.59.163:7788/xiaoma	0722072d5bdfe44683d72d48564f35de64a750e8b3182030625f045234c8ad76
http://94.102.49.197/gb-wget.sh	b1514d459bb5ec8a2d818e812a735ee45d2c374ae44d09607ccd5401b37572cc
http://94.102.49.197/gb-curl.sh	66324cfefbeb765a93b8d6c3f684b9bcb6cd83b46ce23a1cb28e5ce3ed79faf2
http://94.102.49.197/gb-wget.sh	b1514d459bb5ec8a2d818e812a735ee45d2c374ae44d09607ccd5401b37572cc
http://94.102.49.197/gb-wget.sh	b1514d459bb5ec8a2d818e812a735ee45d2c374ae44d09607ccd5401b37572cc
http://94.102.49.197/gb-wget.sh	b1514d459bb5ec8a2d818e812a735ee45d2c374ae44d09607ccd5401b37572cc
http://94.102.49.197/gb-wget.sh	b1514d459bb5ec8a2d818e812a735ee45d2c374ae44d09607ccd5401b37572cc
http://222.186.34.196:8878/udp39171	29fb1bec18da0ef81bc163132a9b7beca7dd9c0aba1096cf54fee9729e9c2240
http://23.234.25.140:15826/25002	bfa080c361c8180c681d0ba3c9663e9e933352f4ec3396c486f2094def27a2c2
http://23.234.25.140:15826/25002	bfa080c361c8180c681d0ba3c9663e9e933352f4ec3396c486f2094def27a2c2
http://ghentzaa.tripod.com/ss	0dfea3ae1622975b1d63a24a07fece503d1a1c918226053f1ec65f01769adfa3
http://94.102.49.197/gb-wget.sh	b1514d459bb5ec8a2d818e812a735ee45d2c374ae44d09607ccd5401b37572cc
http://94.102.49.197/gb-curl.sh	66324cfefbeb765a93b8d6c3f684b9bcb6cd83b46ce23a1cb28e5ce3ed79faf2
http://103.55.26.51:8899/xiaobai	c0a1f7679a11448a31e68081b3813fc10e36ea731b45dc2d6d165afb8ec8fae9
http://103.55.26.51:8899/xiaobai	c0a1f7679a11448a31e68081b3813fc10e36ea731b45dc2d6d165afb8ec8fae9
http://103.55.26.51:8899/miao32	22ed3ca5c93a7621a9e6a79b6d8effefcb6484c58de0d66197b64c3471c87655
http://103.55.26.51:8899/miao64	aa5de582da7a7e45e153223480959390d8931209d1e08a288e37da096ff53795
http://103.55.26.51:8899/miao64	aa5de582da7a7e45e153223480959390d8931209d1e08a288e37da096ff53795
http://103.229.29.71:8081/Linux2.6	ab24f08c862247d54c9c94ea73f2f6c7c2f0e9395bc84c2b718718c75bac5a9e
http://103.229.29.71:8081/Linux2.4	a82c306c5155cf886e84c8e38996145b5f105c264dcfb7ecdfb9e5db78b79149
http://123.184.16.134/DDosClient	1112693a9db3fd2004a4c256bad6bf88ef822384c02e2dadce8a5e6b1c0474cc
http://103.229.29.71:8081/26	ab24f08c862247d54c9c94ea73f2f6c7c2f0e9395bc84c2b718718c75bac5a9e
http://103.229.29.71:8081/26	ab24f08c862247d54c9c94ea73f2f6c7c2f0e9395bc84c2b718718c75bac5a9e
http://103.229.29.71:8081/24	a82c306c5155cf886e84c8e38996145b5f105c264dcfb7ecdfb9e5db78b79149
http://23.251.45.6:8081/26	9fdeadf7a31da3ab1f48a8bf0f97e1fc5e21733b6f53401f9d74c7308678fa2c
http://1.93.60.127:49120/breeb	22acffe94db67f5cbbdf2a6c0643b91202839fd6e588f939e9dba8ab20390cbb
http://103.229.29.71:3456/26	ab24f08c862247d54c9c94ea73f2f6c7c2f0e9395bc84c2b718718c75bac5a9e
http://103.229.29.71:3456/24	a82c306c5155cf886e84c8e38996145b5f105c264dcfb7ecdfb9e5db78b79149
http://43.230.145.174:10010/system	d85299629aa897258ec6e334dfa388593f2a6a33712dfde61a7ca30624e6dcb8
http://185.130.5.246/bin3.sh	b55bb6549366893d2217ce0e956bdb11c2eb91d5be035258d7e97fac0ad6f1ab
http://45.32.232.197/get.sh	772353e1cc5f5cbd88f3e11f6415b38998d6cbfc0426cbdcd11efbf73f87db1a
http://45.32.232.197/get.sh	772353e1cc5f5cbd88f3e11f6415b38998d6cbfc0426cbdcd11efbf73f87db1a
http://185.130.5.246/bin3.sh	b55bb6549366893d2217ce0e956bdb11c2eb91d5be035258d7e97fac0ad6f1ab
http://45.32.232.197/get.sh	772353e1cc5f5cbd88f3e11f6415b38998d6cbfc0426cbdcd11efbf73f87db1a
http://45.32.232.197/get.sh	772353e1cc5f5cbd88f3e11f6415b38998d6cbfc0426cbdcd11efbf73f87db1a
http://badboost.ucoz.com/sniff.tgz	3c86877b5553f8e521d55c60aac65219eb8afc703127e2719abc43f32e0372dc
http://prg.do.am/irc/newmech.tgz	ce727e5f01482c099b15810b2ca70b89b9ec16b7a3f27c39212c977203eb60f0
http://185.17.30.239/gb.sh	cb835d4f59dced658fc245cd2f34615422975988100a81d0fb546f6cc2ba0ca5
http://185.130.5.246/bin3.sh	b55bb6549366893d2217ce0e956bdb11c2eb91d5be035258d7e97fac0ad6f1ab
http://185.130.5.246/bin3.sh	b55bb6549366893d2217ce0e956bdb11c2eb91d5be035258d7e97fac0ad6f1ab
http://45.32.232.197/get.sh	772353e1cc5f5cbd88f3e11f6415b38998d6cbfc0426cbdcd11efbf73f87db1a
http://45.32.232.197/get.sh	772353e1cc5f5cbd88f3e11f6415b38998d6cbfc0426cbdcd11efbf73f87db1a
http://45.32.232.197/get.sh	772353e1cc5f5cbd88f3e11f6415b38998d6cbfc0426cbdcd11efbf73f87db1a
http://45.32.232.197/get.sh	772353e1cc5f5cbd88f3e11f6415b38998d6cbfc0426cbdcd11efbf73f87db1a
http://185.130.5.246/bin3.sh	b55bb6549366893d2217ce0e956bdb11c2eb91d5be035258d7e97fac0ad6f1ab
http://185.130.5.246/bin3.sh	b55bb6549366893d2217ce0e956bdb11c2eb91d5be035258d7e97fac0ad6f1ab
http://45.32.232.197/get.sh	772353e1cc5f5cbd88f3e11f6415b38998d6cbfc0426cbdcd11efbf73f87db1a
http://45.32.232.197/get.sh	772353e1cc5f5cbd88f3e11f6415b38998d6cbfc0426cbdcd11efbf73f87db1a
http://185.130.5.246/bin3.sh	b55bb6549366893d2217ce0e956bdb11c2eb91d5be035258d7e97fac0ad6f1ab
http://45.32.232.197/get.sh	772353e1cc5f5cbd88f3e11f6415b38998d6cbfc0426cbdcd11efbf73f87db1a
http://45.32.232.197/get.sh	772353e1cc5f5cbd88f3e11f6415b38998d6cbfc0426cbdcd11efbf73f87db1a
http://185.130.5.246/bin3.sh	b55bb6549366893d2217ce0e956bdb11c2eb91d5be035258d7e97fac0ad6f1ab
http://45.32.232.197/get.sh	772353e1cc5f5cbd88f3e11f6415b38998d6cbfc0426cbdcd11efbf73f87db1a
http://45.32.232.197/get.sh	772353e1cc5f5cbd88f3e11f6415b38998d6cbfc0426cbdcd11efbf73f87db1a
http://185.130.5.246/bin3.sh	b55bb6549366893d2217ce0e956bdb11c2eb91d5be035258d7e97fac0ad6f1ab
http://45.32.232.197/get.sh	d98dedc43e00ced9c010d456e8c98e944ffd82f6289dcad8000c4321dc481d2e
http://45.32.232.197/get.sh	d98dedc43e00ced9c010d456e8c98e944ffd82f6289dcad8000c4321dc481d2e
http://185.17.30.239/gb.sh	cb835d4f59dced658fc245cd2f34615422975988100a81d0fb546f6cc2ba0ca5
http://45.32.232.197/get.sh	d98dedc43e00ced9c010d456e8c98e944ffd82f6289dcad8000c4321dc481d2e
http://45.32.232.197/get.sh	d98dedc43e00ced9c010d456e8c98e944ffd82f6289dcad8000c4321dc481d2e
http://185.130.5.246/bin3.sh	b55bb6549366893d2217ce0e956bdb11c2eb91d5be035258d7e97fac0ad6f1ab
http://185.130.5.246/bin3.sh	b55bb6549366893d2217ce0e956bdb11c2eb91d5be035258d7e97fac0ad6f1ab
http://45.32.232.197/get.sh	d98dedc43e00ced9c010d456e8c98e944ffd82f6289dcad8000c4321dc481d2e
http://45.32.232.197/get.sh	d98dedc43e00ced9c010d456e8c98e944ffd82f6289dcad8000c4321dc481d2e
http://23.247.5.22:2016/1111	d0125daa0d349f6ef5c4cc925f5bbf227d032a1a7b94e0d7ddbc8f9f94e9ddd4
http://45.32.232.197/get.sh	4d9c1bcf43c70e712007d474b22fe5df070075c38828c28b6b623eb71c2beb37
http://45.32.232.197/get.sh	4d9c1bcf43c70e712007d474b22fe5df070075c38828c28b6b623eb71c2beb37
http://185.130.5.246/bin3.sh	b55bb6549366893d2217ce0e956bdb11c2eb91d5be035258d7e97fac0ad6f1ab
http://185.130.5.246/bin3.sh	b55bb6549366893d2217ce0e956bdb11c2eb91d5be035258d7e97fac0ad6f1ab
http://185.130.5.246/bin3.sh	b55bb6549366893d2217ce0e956bdb11c2eb91d5be035258d7e97fac0ad6f1ab
http://45.32.232.197/get.sh	4d9c1bcf43c70e712007d474b22fe5df070075c38828c28b6b623eb71c2beb37
http://45.32.232.197/get.sh	4d9c1bcf43c70e712007d474b22fe5df070075c38828c28b6b623eb71c2beb37
http://23.234.25.140:15826/25002	bfa080c361c8180c681d0ba3c9663e9e933352f4ec3396c486f2094def27a2c2
http://185.130.5.246/bin3.sh	b55bb6549366893d2217ce0e956bdb11c2eb91d5be035258d7e97fac0ad6f1ab
http://45.32.232.197/get.sh	4d9c1bcf43c70e712007d474b22fe5df070075c38828c28b6b623eb71c2beb37
http://45.32.232.197/get.sh	4d9c1bcf43c70e712007d474b22fe5df070075c38828c28b6b623eb71c2beb37
http://45.32.232.197/get.sh	4d9c1bcf43c70e712007d474b22fe5df070075c38828c28b6b623eb71c2beb37
http://45.32.232.197/get.sh	4d9c1bcf43c70e712007d474b22fe5df070075c38828c28b6b623eb71c2beb37
http://185.130.5.246/bin3.sh	b55bb6549366893d2217ce0e956bdb11c2eb91d5be035258d7e97fac0ad6f1ab
http://185.130.5.246/bin3.sh	b55bb6549366893d2217ce0e956bdb11c2eb91d5be035258d7e97fac0ad6f1ab
http://45.32.232.197/get.sh	4d9c1bcf43c70e712007d474b22fe5df070075c38828c28b6b623eb71c2beb37
http://45.32.232.197/get.sh	4d9c1bcf43c70e712007d474b22fe5df070075c38828c28b6b623eb71c2beb37
http://185.130.5.246/bin3.sh	b55bb6549366893d2217ce0e956bdb11c2eb91d5be035258d7e97fac0ad6f1ab
http://45.32.232.197/get.sh	4d9c1bcf43c70e712007d474b22fe5df070075c38828c28b6b623eb71c2beb37
http://45.32.232.197/get.sh	4d9c1bcf43c70e712007d474b22fe5df070075c38828c28b6b623eb71c2beb37
https://raw.github.com/sivel/speedtest-cli/master/speedtest_cli.py	b0fbdb3c635ef646cb652a39146240b3bf984df401d3a9421e305aa785817f5a
http://ovh.net/files/1Gb.dat	b16b40eefddbd34348d4df458d9563b4d796237ca5a34a84d6aba61aeb364c38
http://23.226.231.136/kn	4e6e172755c1b7acd58bfed15a06624496058274f1c2cb8dd276cbd75f5de39c
http://23.226.231.136/c.c	9d6c15f6b070fddc9fc628695e64fbc3ebcddbb4b10fb2ce8a3984e71eb02d5b
http://185.130.5.246/bin3.sh	b55bb6549366893d2217ce0e956bdb11c2eb91d5be035258d7e97fac0ad6f1ab
http://45.32.232.197/get.sh	4d9c1bcf43c70e712007d474b22fe5df070075c38828c28b6b623eb71c2beb37
http://45.32.232.197/get.sh	4d9c1bcf43c70e712007d474b22fe5df070075c38828c28b6b623eb71c2beb37
http://23.234.25.140:15826/25002	bfa080c361c8180c681d0ba3c9663e9e933352f4ec3396c486f2094def27a2c2
http://185.130.5.246/bin3.sh	b55bb6549366893d2217ce0e956bdb11c2eb91d5be035258d7e97fac0ad6f1ab
http://45.32.232.197/get.sh	9f2117196121e61372b7509243f0f7f701b3a235186f8ee9b3dc5094d6ec1242
http://45.32.232.197/get.sh	9f2117196121e61372b7509243f0f7f701b3a235186f8ee9b3dc5094d6ec1242
http://23.234.25.140:15826/25002	bfa080c361c8180c681d0ba3c9663e9e933352f4ec3396c486f2094def27a2c2
http://185.17.30.239/gb.sh	cb835d4f59dced658fc245cd2f34615422975988100a81d0fb546f6cc2ba0ca5
http://185.17.30.239/gb.sh	cb835d4f59dced658fc245cd2f34615422975988100a81d0fb546f6cc2ba0ca5
http://185.130.5.246/bin3.sh	b55bb6549366893d2217ce0e956bdb11c2eb91d5be035258d7e97fac0ad6f1ab
http://45.32.232.197/get.sh	9f2117196121e61372b7509243f0f7f701b3a235186f8ee9b3dc5094d6ec1242
http://45.32.232.197/get.sh	9f2117196121e61372b7509243f0f7f701b3a235186f8ee9b3dc5094d6ec1242
http://45.32.232.197/get.sh	9f2117196121e61372b7509243f0f7f701b3a235186f8ee9b3dc5094d6ec1242
http://45.32.232.197/get.sh	9f2117196121e61372b7509243f0f7f701b3a235186f8ee9b3dc5094d6ec1242
http://185.130.5.246/bin3.sh	b55bb6549366893d2217ce0e956bdb11c2eb91d5be035258d7e97fac0ad6f1ab
http://185.130.5.246/bin3.sh	b55bb6549366893d2217ce0e956bdb11c2eb91d5be035258d7e97fac0ad6f1ab
http://45.32.232.197/get.sh	fc36801cdca4031df6817e5b3ce94515189df3ec595b9a2a281a91828ef8e1e0
http://45.32.232.197/get.sh	fc36801cdca4031df6817e5b3ce94515189df3ec595b9a2a281a91828ef8e1e0
http://185.130.5.246/bin3.sh	b55bb6549366893d2217ce0e956bdb11c2eb91d5be035258d7e97fac0ad6f1ab
http://45.32.232.197/get.sh	fc36801cdca4031df6817e5b3ce94515189df3ec595b9a2a281a91828ef8e1e0
http://45.32.232.197/get.sh	fc36801cdca4031df6817e5b3ce94515189df3ec595b9a2a281a91828ef8e1e0
http://185.17.30.239/gb.sh	cb835d4f59dced658fc245cd2f34615422975988100a81d0fb546f6cc2ba0ca5
http://185.130.5.246/bin3.sh	b55bb6549366893d2217ce0e956bdb11c2eb91d5be035258d7e97fac0ad6f1ab
http://45.32.232.197/get.sh	fc36801cdca4031df6817e5b3ce94515189df3ec595b9a2a281a91828ef8e1e0
http://45.32.232.197/get.sh	fc36801cdca4031df6817e5b3ce94515189df3ec595b9a2a281a91828ef8e1e0
http://45.32.232.197/get.sh	56fe32b3e5bee6d312c138a3ae43f28a91564a2af0cccdd3e3b2e01fc937f921
http://45.32.232.197/get.sh	56fe32b3e5bee6d312c138a3ae43f28a91564a2af0cccdd3e3b2e01fc937f921
http://185.17.30.239/gb.sh	cb835d4f59dced658fc245cd2f34615422975988100a81d0fb546f6cc2ba0ca5
http://185.17.30.239/gb.sh	cb835d4f59dced658fc245cd2f34615422975988100a81d0fb546f6cc2ba0ca5
http://185.17.30.239/gb.sh	cb835d4f59dced658fc245cd2f34615422975988100a81d0fb546f6cc2ba0ca5
http://23.234.25.140:15826/25002	bfa080c361c8180c681d0ba3c9663e9e933352f4ec3396c486f2094def27a2c2
http://23.234.25.140:15826/25002	bfa080c361c8180c681d0ba3c9663e9e933352f4ec3396c486f2094def27a2c2
http://185.17.30.239/gb.sh	cb835d4f59dced658fc245cd2f34615422975988100a81d0fb546f6cc2ba0ca5
http://45.32.232.197/get.sh	7b85f0f346685ce26663c6162960d7b0f8406aae10a5ec49ed4022c90174ea24
http://45.32.232.197/get.sh	7b85f0f346685ce26663c6162960d7b0f8406aae10a5ec49ed4022c90174ea24
http://185.130.5.246/bin3.sh	b55bb6549366893d2217ce0e956bdb11c2eb91d5be035258d7e97fac0ad6f1ab
http://45.32.232.197/lol/conf.sh	6e4e0770d750be58551d7247a0cae3e271e9fdc8ee7b7515d1e596fed6c546f9
http://45.32.232.197/lol/conf.sh	6e4e0770d750be58551d7247a0cae3e271e9fdc8ee7b7515d1e596fed6c546f9
http://45.32.232.197/get.sh	7b85f0f346685ce26663c6162960d7b0f8406aae10a5ec49ed4022c90174ea24
http://45.32.232.197/get.sh	7b85f0f346685ce26663c6162960d7b0f8406aae10a5ec49ed4022c90174ea24
http://185.130.5.246/bin.sh	c974395730a3305781d78091e95d686abb2a8526c8e667d347a4a3bea1ae6457
http://185.130.5.246/bin.sh	c974395730a3305781d78091e95d686abb2a8526c8e667d347a4a3bea1ae6457
http://185.130.5.246/bin.sh	c974395730a3305781d78091e95d686abb2a8526c8e667d347a4a3bea1ae6457
http://23.234.25.140:15826/25002	bfa080c361c8180c681d0ba3c9663e9e933352f4ec3396c486f2094def27a2c2
http://185.17.30.239/gb.sh	cb835d4f59dced658fc245cd2f34615422975988100a81d0fb546f6cc2ba0ca5
http://185.17.30.239/gb.sh	cb835d4f59dced658fc245cd2f34615422975988100a81d0fb546f6cc2ba0ca5
http://23.234.25.140:15826/25002	bfa080c361c8180c681d0ba3c9663e9e933352f4ec3396c486f2094def27a2c2
http://23.234.25.140:15826/25002	bfa080c361c8180c681d0ba3c9663e9e933352f4ec3396c486f2094def27a2c2
http://23.234.25.140:15826/25002	bfa080c361c8180c681d0ba3c9663e9e933352f4ec3396c486f2094def27a2c2
http://208.67.1.142/ddos.pl	e92d3e56965af7ea843ac50a1b654b072eab5126280ee3680d1dccbc4735f522
http://23.234.25.140:15826/25002	bfa080c361c8180c681d0ba3c9663e9e933352f4ec3396c486f2094def27a2c2
http://185.17.30.239/gb.sh	cb835d4f59dced658fc245cd2f34615422975988100a81d0fb546f6cc2ba0ca5
http://23.234.25.140:15826/25002	bfa080c361c8180c681d0ba3c9663e9e933352f4ec3396c486f2094def27a2c2
http://prg.do.am/new/prgssh.tgz	f9e19ebec621ca865fb30cf6ca2987093e2c7a9848ed0f9e53768847eea6e7aa
http://185.17.30.239/gb.sh	cb835d4f59dced658fc245cd2f34615422975988100a81d0fb546f6cc2ba0ca5
http://185.17.30.239/gb.sh	cb835d4f59dced658fc245cd2f34615422975988100a81d0fb546f6cc2ba0ca5
http://185.17.30.239/gb.sh	cb835d4f59dced658fc245cd2f34615422975988100a81d0fb546f6cc2ba0ca5
http://185.17.30.239/gb.sh	cb835d4f59dced658fc245cd2f34615422975988100a81d0fb546f6cc2ba0ca5
http://23.234.25.140:15826/25002	bfa080c361c8180c681d0ba3c9663e9e933352f4ec3396c486f2094def27a2c2
http://23.234.25.140:15826/25002	bfa080c361c8180c681d0ba3c9663e9e933352f4ec3396c486f2094def27a2c2
http://23.234.25.140:15826/25002	bfa080c361c8180c681d0ba3c9663e9e933352f4ec3396c486f2094def27a2c2
http://89.248.162.167/bin.sh	aa7dfe85874bbcd3ee34c1bc1aacb4e5c182965c82cc3b20575197491f436ee9
http://185.130.5.179/r2/r2.sh	523270145d81ec3c07266de6a4abf3eb5593e10d7596d3ba8abc614ed0db0a70
http://23.234.25.140:15826/25002	bfa080c361c8180c681d0ba3c9663e9e933352f4ec3396c486f2094def27a2c2
http://23.234.25.140:15826/25002	bfa080c361c8180c681d0ba3c9663e9e933352f4ec3396c486f2094def27a2c2
http://89.248.162.167/bin.sh	aa7dfe85874bbcd3ee34c1bc1aacb4e5c182965c82cc3b20575197491f436ee9
http://89.248.162.167/gay.sh	b4e0c750b7ea1db9e8627aa29197c1fef9f93b91023ca505649e2ee31b5fd7a8
http://89.248.162.167/bin.sh	aa7dfe85874bbcd3ee34c1bc1aacb4e5c182965c82cc3b20575197491f436ee9
http://131.72.136.243/getbinaries.sh	97d9d4f0a1360194a17e77dab0adf6ffd2d6405aa1beffa9e8296b6deff534f5
http://89.248.162.167/bin.sh	aa7dfe85874bbcd3ee34c1bc1aacb4e5c182965c82cc3b20575197491f436ee9
http://89.248.162.167/gay.sh	b4e0c750b7ea1db9e8627aa29197c1fef9f93b91023ca505649e2ee31b5fd7a8
http://89.248.162.167/bin.sh	aa7dfe85874bbcd3ee34c1bc1aacb4e5c182965c82cc3b20575197491f436ee9
https://www.drivehq.com/file/DFPublishFile.aspx/FileID3046212748/Keyau2gpe02yx1k/rktest.tgz	8f76fa6d88407733764ab270b431f6baa02d8a542fa1904fb7a5108d932f5559
http://twh.updatebits.su/r1/curl.sh	580634cc1c9c7affd197d9917d05ae4af46c6deb1dc22d1d97e9d321165649b6
http://23.234.25.140:15826/25002	bfa080c361c8180c681d0ba3c9663e9e933352f4ec3396c486f2094def27a2c2
http://23.234.25.140:15826/25002	bfa080c361c8180c681d0ba3c9663e9e933352f4ec3396c486f2094def27a2c2
http://23.234.25.140:15826/25002	bfa080c361c8180c681d0ba3c9663e9e933352f4ec3396c486f2094def27a2c2
http://45.32.232.197/get.sh	789e9d9743adf0ab369225ab6f11dc6b446fbdf8843527d5e5dc02ef3e70fbf5
http://45.32.232.197/get.sh	789e9d9743adf0ab369225ab6f11dc6b446fbdf8843527d5e5dc02ef3e70fbf5
http://45.32.232.197/bin3.sh	42f2fb494c160d6db23f0d10fb1003e8cf98e6f0b394ae39a6e61d019fd71fbb
http://45.32.232.197/get.sh	789e9d9743adf0ab369225ab6f11dc6b446fbdf8843527d5e5dc02ef3e70fbf5
http://45.32.232.197/get.sh	789e9d9743adf0ab369225ab6f11dc6b446fbdf8843527d5e5dc02ef3e70fbf5
http://45.32.232.197/bin3.sh	42f2fb494c160d6db23f0d10fb1003e8cf98e6f0b394ae39a6e61d019fd71fbb
http://23.234.25.140:15826/25002	bfa080c361c8180c681d0ba3c9663e9e933352f4ec3396c486f2094def27a2c2
http://23.234.25.140:15826/25002	bfa080c361c8180c681d0ba3c9663e9e933352f4ec3396c486f2094def27a2c2
http://23.234.25.140:15826/25002	bfa080c361c8180c681d0ba3c9663e9e933352f4ec3396c486f2094def27a2c2
http://23.234.25.140:15826/25002	bfa080c361c8180c681d0ba3c9663e9e933352f4ec3396c486f2094def27a2c2
http://45.32.232.197/bin3.sh	42f2fb494c160d6db23f0d10fb1003e8cf98e6f0b394ae39a6e61d019fd71fbb
http://45.32.232.197/bin3.sh	42f2fb494c160d6db23f0d10fb1003e8cf98e6f0b394ae39a6e61d019fd71fbb
http://45.32.232.197/bin3.sh	42f2fb494c160d6db23f0d10fb1003e8cf98e6f0b394ae39a6e61d019fd71fbb
http://45.32.232.197/get.sh	789e9d9743adf0ab369225ab6f11dc6b446fbdf8843527d5e5dc02ef3e70fbf5
http://45.32.232.197/get.sh	789e9d9743adf0ab369225ab6f11dc6b446fbdf8843527d5e5dc02ef3e70fbf5
http://89.248.162.146/bin3.sh	6736e447f50018d6de03c5e2971a3c3625049bc36737b2a8d5838ceda2a26ed0
http://45.32.232.197/get.sh	789e9d9743adf0ab369225ab6f11dc6b446fbdf8843527d5e5dc02ef3e70fbf5
http://45.32.232.197/get.sh	789e9d9743adf0ab369225ab6f11dc6b446fbdf8843527d5e5dc02ef3e70fbf5
http://45.32.232.197/get.sh	789e9d9743adf0ab369225ab6f11dc6b446fbdf8843527d5e5dc02ef3e70fbf5
http://45.32.232.197/get.sh	789e9d9743adf0ab369225ab6f11dc6b446fbdf8843527d5e5dc02ef3e70fbf5
http://89.248.162.146/bin3.sh	6736e447f50018d6de03c5e2971a3c3625049bc36737b2a8d5838ceda2a26ed0
http://23.234.25.140:15826/25002	bfa080c361c8180c681d0ba3c9663e9e933352f4ec3396c486f2094def27a2c2
http://twh.updatebits.su/r1/curl.sh	580634cc1c9c7affd197d9917d05ae4af46c6deb1dc22d1d97e9d321165649b6
http://twh.updatebits.su/r1/curl.sh	580634cc1c9c7affd197d9917d05ae4af46c6deb1dc22d1d97e9d321165649b6
http://23.234.25.140:15826/25002	bfa080c361c8180c681d0ba3c9663e9e933352f4ec3396c486f2094def27a2c2
http://23.234.25.140:15826/162	bfa080c361c8180c681d0ba3c9663e9e933352f4ec3396c486f2094def27a2c2
http://23.234.25.140:15826/162	bfa080c361c8180c681d0ba3c9663e9e933352f4ec3396c486f2094def27a2c2
http://45.32.232.197/get.sh	789e9d9743adf0ab369225ab6f11dc6b446fbdf8843527d5e5dc02ef3e70fbf5
http://45.32.232.197/get.sh	789e9d9743adf0ab369225ab6f11dc6b446fbdf8843527d5e5dc02ef3e70fbf5
http://89.248.162.146/bin3.sh	6736e447f50018d6de03c5e2971a3c3625049bc36737b2a8d5838ceda2a26ed0
http://45.32.232.197/get.sh	789e9d9743adf0ab369225ab6f11dc6b446fbdf8843527d5e5dc02ef3e70fbf5
http://45.32.232.197/get.sh	789e9d9743adf0ab369225ab6f11dc6b446fbdf8843527d5e5dc02ef3e70fbf5
http://89.248.162.146/bin3.sh	6736e447f50018d6de03c5e2971a3c3625049bc36737b2a8d5838ceda2a26ed0
http://45.32.232.197/get.sh	789e9d9743adf0ab369225ab6f11dc6b446fbdf8843527d5e5dc02ef3e70fbf5
http://45.32.232.197/get.sh	789e9d9743adf0ab369225ab6f11dc6b446fbdf8843527d5e5dc02ef3e70fbf5
http://89.248.162.146/bin3.sh	6736e447f50018d6de03c5e2971a3c3625049bc36737b2a8d5838ceda2a26ed0
http://45.32.232.197/get.sh	789e9d9743adf0ab369225ab6f11dc6b446fbdf8843527d5e5dc02ef3e70fbf5
http://45.32.232.197/get.sh	789e9d9743adf0ab369225ab6f11dc6b446fbdf8843527d5e5dc02ef3e70fbf5
http://89.248.162.146/bin3.sh	6736e447f50018d6de03c5e2971a3c3625049bc36737b2a8d5838ceda2a26ed0
http://23.234.25.140:15826/162	bfa080c361c8180c681d0ba3c9663e9e933352f4ec3396c486f2094def27a2c2
http://23.234.25.140:15826/162	bfa080c361c8180c681d0ba3c9663e9e933352f4ec3396c486f2094def27a2c2
http://61.147.107.109:7531/fsta	bd6771537e3a3f793465a05c791b040e050e486be79c3a2c1eb7697aa860b518
http://61.147.107.109:7531/kusel	ba5f10e198d53e77914c3fcf7293325d1626f5f4e119e1509f878aedce932590
http://45.32.232.197/get.sh	789e9d9743adf0ab369225ab6f11dc6b446fbdf8843527d5e5dc02ef3e70fbf5
http://45.32.232.197/get.sh	789e9d9743adf0ab369225ab6f11dc6b446fbdf8843527d5e5dc02ef3e70fbf5
http://89.248.162.146/bin3.sh	5e1e6879d989fd7f7cffb40f668d4185d58eebb02d436cdacb8933bb050980fd
http://23.234.25.140:15826/162	bfa080c361c8180c681d0ba3c9663e9e933352f4ec3396c486f2094def27a2c2
http://23.234.25.140:15826/162	bfa080c361c8180c681d0ba3c9663e9e933352f4ec3396c486f2094def27a2c2
http://23.234.25.140:15826/162	bfa080c361c8180c681d0ba3c9663e9e933352f4ec3396c486f2094def27a2c2
http://23.234.25.140:15826/162	bfa080c361c8180c681d0ba3c9663e9e933352f4ec3396c486f2094def27a2c2
http://117.27.240.29:3232/25udp	ea4e7742ec5b083be2c6d5dbc8117d6c160098ce290e945fc1f2687acf9c1a9c
http://117.27.240.29:3232/25udp	ea4e7742ec5b083be2c6d5dbc8117d6c160098ce290e945fc1f2687acf9c1a9c
http://23.234.25.140:15826/162	bfa080c361c8180c681d0ba3c9663e9e933352f4ec3396c486f2094def27a2c2
http://117.27.240.29:3232/ddos2.4	74cb796f37c964db166640e671e87e29f25b3c0829642687295870f78fb9a61a
http://117.27.240.29:3232/32-64	63e02baaf7dcace02167360e892d735bca0fc937735fda6f5e5249a69355c8ec
http://117.27.240.29:3232/sssyn	ab223439e1b509c9c7122aa16447504d71eea371aba7a4c35c1f63bec71cb924
http://117.27.240.29:3232/ssnup	c2d3ca98ad0e086b2917ac2f55b9035baf91ad5ecd1584024586a5cb91587116
http://117.27.240.29:3232/sssyn	7cf4a210d3ea7b077dcf1b01d536e9ff77ea8dc4bcd0b4b664493a83319d3aaf
http://117.27.240.29:3232/ssnup	fbda8d7dd111e74f5bf82b929f32ebd64b6dfab8abceb76c4eae4498dda33ec4
http://117.27.240.29:3232/xueudp	bc870e64c9eb88d73e2744dc5e59e70c4dbaf03b6614f13b7400e19aed7d59e8
http://117.27.240.29:3232/xuesyn	dbcdfe454f01bdf5da20b50f77c7cadab84ab9371663b587da374e40b008429a
http://117.27.240.29:3232/xinsyn	868154efe49afc50af3dc9ec41aa469545e25731624ba291ac616b543d86140b
http://117.27.240.29:3232/xinudp	0d58e4b2b80a549e66181acbb8f111ddf472b2e8fb0f197586707ad9336feb42
http://117.27.240.29:3232/xinsyn	868154efe49afc50af3dc9ec41aa469545e25731624ba291ac616b543d86140b
http://23.234.25.140:15826/162	bfa080c361c8180c681d0ba3c9663e9e933352f4ec3396c486f2094def27a2c2
http://117.27.240.29:3232/xinsyn	868154efe49afc50af3dc9ec41aa469545e25731624ba291ac616b543d86140b
http://117.27.240.29:3232/xinsyn	868154efe49afc50af3dc9ec41aa469545e25731624ba291ac616b543d86140b
http://117.27.240.29:3232/xinsyn	868154efe49afc50af3dc9ec41aa469545e25731624ba291ac616b543d86140b
http://117.27.240.29:3232/xinudp	0d58e4b2b80a549e66181acbb8f111ddf472b2e8fb0f197586707ad9336feb42
http://117.27.240.29:3232/xinudp	0d58e4b2b80a549e66181acbb8f111ddf472b2e8fb0f197586707ad9336feb42
http://23.234.25.140:15826/1	bfa080c361c8180c681d0ba3c9663e9e933352f4ec3396c486f2094def27a2c2
http://23.234.25.140:15826/1	bfa080c361c8180c681d0ba3c9663e9e933352f4ec3396c486f2094def27a2c2
http://23.234.25.140:15826/1	bfa080c361c8180c681d0ba3c9663e9e933352f4ec3396c486f2094def27a2c2
http://23.234.25.140:15826/1	bfa080c361c8180c681d0ba3c9663e9e933352f4ec3396c486f2094def27a2c2
http://89.248.162.146/lol.sh	a5b5aaf228bb61e1e8c9e3a19b55142c63d85d0eefbf9f863dbf60df4bce5ba7
http://89.248.162.146/lol.sh	a5b5aaf228bb61e1e8c9e3a19b55142c63d85d0eefbf9f863dbf60df4bce5ba7
http://23.234.25.140:15826/gpf	bfa080c361c8180c681d0ba3c9663e9e933352f4ec3396c486f2094def27a2c2
http://23.234.25.140:15826/gpf	bfa080c361c8180c681d0ba3c9663e9e933352f4ec3396c486f2094def27a2c2
http://117.27.240.29:3232/xinsyn	868154efe49afc50af3dc9ec41aa469545e25731624ba291ac616b543d86140b
http://117.27.240.29:3232/xinudp	0d58e4b2b80a549e66181acbb8f111ddf472b2e8fb0f197586707ad9336feb42
http://23.234.25.140:15826/gpf	bfa080c361c8180c681d0ba3c9663e9e933352f4ec3396c486f2094def27a2c2
http://23.234.25.140:15826/gpf	bfa080c361c8180c681d0ba3c9663e9e933352f4ec3396c486f2094def27a2c2
http://23.234.25.140:15826/gpf	bfa080c361c8180c681d0ba3c9663e9e933352f4ec3396c486f2094def27a2c2
http://23.234.25.140:15826/gpf	bfa080c361c8180c681d0ba3c9663e9e933352f4ec3396c486f2094def27a2c2
http://23.234.25.140:15826/gpf	bfa080c361c8180c681d0ba3c9663e9e933352f4ec3396c486f2094def27a2c2
http://twh.updatebits.su/r1/curl.sh	580634cc1c9c7affd197d9917d05ae4af46c6deb1dc22d1d97e9d321165649b6
http://23.234.25.140:15826/gpf	bfa080c361c8180c681d0ba3c9663e9e933352f4ec3396c486f2094def27a2c2
http://23.234.25.140:15826/gpf	bfa080c361c8180c681d0ba3c9663e9e933352f4ec3396c486f2094def27a2c2
http://twh.updatebits.su/r1/curl.sh	580634cc1c9c7affd197d9917d05ae4af46c6deb1dc22d1d97e9d321165649b6
http://117.27.240.29:3232/xinsyn	868154efe49afc50af3dc9ec41aa469545e25731624ba291ac616b543d86140b
http://117.27.240.29:3232/xinsyn	868154efe49afc50af3dc9ec41aa469545e25731624ba291ac616b543d86140b
http://117.27.240.29:3232/xinudp	0d58e4b2b80a549e66181acbb8f111ddf472b2e8fb0f197586707ad9336feb42
http://117.27.240.29:3232/xinudp	0d58e4b2b80a549e66181acbb8f111ddf472b2e8fb0f197586707ad9336feb42
http://117.27.240.29:3232/xinsyn	868154efe49afc50af3dc9ec41aa469545e25731624ba291ac616b543d86140b
http://117.27.240.29:3232/xinudp	0d58e4b2b80a549e66181acbb8f111ddf472b2e8fb0f197586707ad9336feb42
http://117.27.240.29:3232/xinsyn	868154efe49afc50af3dc9ec41aa469545e25731624ba291ac616b543d86140b
http://117.27.240.29:3232/xinudp	0d58e4b2b80a549e66181acbb8f111ddf472b2e8fb0f197586707ad9336feb42
http://117.27.240.29:3232/xinsyn	868154efe49afc50af3dc9ec41aa469545e25731624ba291ac616b543d86140b
http://117.27.240.29:3232/xinudp	0d58e4b2b80a549e66181acbb8f111ddf472b2e8fb0f197586707ad9336feb42
http://117.27.240.29:3232/xinudp	0d58e4b2b80a549e66181acbb8f111ddf472b2e8fb0f197586707ad9336feb42
http://23.234.25.140:15826/gpf	bfa080c361c8180c681d0ba3c9663e9e933352f4ec3396c486f2094def27a2c2
http://23.234.25.140:15826/gpf	bfa080c361c8180c681d0ba3c9663e9e933352f4ec3396c486f2094def27a2c2
http://23.234.25.140:15826/gpf	bfa080c361c8180c681d0ba3c9663e9e933352f4ec3396c486f2094def27a2c2
http://94.102.51.30/gb.sh	ce384731c6bdcecc035276e0c3bdcd722ffda598e3e1e26ad98fa62a6a26fb49
http://117.27.240.29:3232/xinsyn	868154efe49afc50af3dc9ec41aa469545e25731624ba291ac616b543d86140b
http://117.27.240.29:3232/xinudp	0d58e4b2b80a549e66181acbb8f111ddf472b2e8fb0f197586707ad9336feb42
http://117.27.240.29:3232/xinsyn	868154efe49afc50af3dc9ec41aa469545e25731624ba291ac616b543d86140b
http://117.27.240.29:3232/xinudp	0d58e4b2b80a549e66181acbb8f111ddf472b2e8fb0f197586707ad9336feb42
http://23.234.25.140:15826/gpf	bfa080c361c8180c681d0ba3c9663e9e933352f4ec3396c486f2094def27a2c2
http://23.234.25.140:15826/007	bfa080c361c8180c681d0ba3c9663e9e933352f4ec3396c486f2094def27a2c2
http://23.234.25.140:15826/007	bfa080c361c8180c681d0ba3c9663e9e933352f4ec3396c486f2094def27a2c2
http://23.234.25.140:15826/007	bfa080c361c8180c681d0ba3c9663e9e933352f4ec3396c486f2094def27a2c2
http://23.234.25.140:15826/007	bfa080c361c8180c681d0ba3c9663e9e933352f4ec3396c486f2094def27a2c2
http://23.234.25.140:15826/007	bfa080c361c8180c681d0ba3c9663e9e933352f4ec3396c486f2094def27a2c2
http://185.130.5.179/curl.sh	47ccb985aff18e08e5c82644e04037c89641140434c3208a791eb55a8ecaa14c
http://185.130.5.179/curl.sh	47ccb985aff18e08e5c82644e04037c89641140434c3208a791eb55a8ecaa14c
http://185.130.5.179/curl.sh	47ccb985aff18e08e5c82644e04037c89641140434c3208a791eb55a8ecaa14c
http://185.130.5.179/curl.sh	47ccb985aff18e08e5c82644e04037c89641140434c3208a791eb55a8ecaa14c
http://23.234.25.140:15826/007	bfa080c361c8180c681d0ba3c9663e9e933352f4ec3396c486f2094def27a2c2
http://23.234.25.140:15826/007	bfa080c361c8180c681d0ba3c9663e9e933352f4ec3396c486f2094def27a2c2
http://185.130.5.179/curl.sh	47ccb985aff18e08e5c82644e04037c89641140434c3208a791eb55a8ecaa14c
http://185.130.5.179/curl.sh	47ccb985aff18e08e5c82644e04037c89641140434c3208a791eb55a8ecaa14c
http://185.130.5.179/curl.sh	47ccb985aff18e08e5c82644e04037c89641140434c3208a791eb55a8ecaa14c
http://185.130.5.179/curl.sh	47ccb985aff18e08e5c82644e04037c89641140434c3208a791eb55a8ecaa14c
http://185.106.94.137/gb.sh	8ed6d5aaac2e1b859d6561ff4fed56732428bcdc05a0f8d8910c04c8f67f760d
http://185.106.94.137/gb.sh	8ed6d5aaac2e1b859d6561ff4fed56732428bcdc05a0f8d8910c04c8f67f760d
http://23.234.25.140:15826/007	bfa080c361c8180c681d0ba3c9663e9e933352f4ec3396c486f2094def27a2c2
http://23.234.25.140:15826/007	bfa080c361c8180c681d0ba3c9663e9e933352f4ec3396c486f2094def27a2c2
http://23.234.25.140:15826/007	bfa080c361c8180c681d0ba3c9663e9e933352f4ec3396c486f2094def27a2c2
http://23.234.25.140:15826/007	bfa080c361c8180c681d0ba3c9663e9e933352f4ec3396c486f2094def27a2c2
http://neger.dingle.dog/bin.sh	3d16194c7f4edb65877aa364cdedcc97d1a0469ef23c2cda3e2baf94784b968c
http://neger.dingle.dog/bin.sh	3d16194c7f4edb65877aa364cdedcc97d1a0469ef23c2cda3e2baf94784b968c
http://185.130.5.179/curl.sh	47ccb985aff18e08e5c82644e04037c89641140434c3208a791eb55a8ecaa14c
http://185.130.5.179/curl.sh	47ccb985aff18e08e5c82644e04037c89641140434c3208a791eb55a8ecaa14c
http://45.32.232.197/10	c40decfb9190318471c1abf3dae6dcd27d25bc401c499fe42529f8d9726a70a4
http://23.234.25.140:15826/007	bfa080c361c8180c681d0ba3c9663e9e933352f4ec3396c486f2094def27a2c2
http://23.234.25.140:15826/007	bfa080c361c8180c681d0ba3c9663e9e933352f4ec3396c486f2094def27a2c2
http://23.234.25.140:15826/007	bfa080c361c8180c681d0ba3c9663e9e933352f4ec3396c486f2094def27a2c2
http://185.130.5.179/curl.sh	47ccb985aff18e08e5c82644e04037c89641140434c3208a791eb55a8ecaa14c
http://23.234.25.140:15826/007	bfa080c361c8180c681d0ba3c9663e9e933352f4ec3396c486f2094def27a2c2
http://222.186.30.148:787/.usb	a58b09abd5b98d577bd7da549ba0e7bcdd4fd3e44a6afc23446cf2cf44d1d326
http://222.186.30.148:787/.usb	a58b09abd5b98d577bd7da549ba0e7bcdd4fd3e44a6afc23446cf2cf44d1d326
http://23.234.25.140:15826/007	bfa080c361c8180c681d0ba3c9663e9e933352f4ec3396c486f2094def27a2c2
http://45.32.232.197/tmp.sh	16ce358aacad0f6905f2a0e6a4dca4d63bb416f8b5855b8979ca90eb8618e03b
http://185.106.94.137/gb.sh	8ed6d5aaac2e1b859d6561ff4fed56732428bcdc05a0f8d8910c04c8f67f760d
http://185.106.94.137/gb.sh	8ed6d5aaac2e1b859d6561ff4fed56732428bcdc05a0f8d8910c04c8f67f760d
http://23.234.25.140:15826/3.1415926	bfa080c361c8180c681d0ba3c9663e9e933352f4ec3396c486f2094def27a2c2
http://23.234.25.140:15826/3.1415926	bfa080c361c8180c681d0ba3c9663e9e933352f4ec3396c486f2094def27a2c2
http://23.234.25.140:15826/3.1415926	bfa080c361c8180c681d0ba3c9663e9e933352f4ec3396c486f2094def27a2c2
http://23.234.25.140:15826/3.1415926	bfa080c361c8180c681d0ba3c9663e9e933352f4ec3396c486f2094def27a2c2
http://185.130.5.179/curl.sh	47ccb985aff18e08e5c82644e04037c89641140434c3208a791eb55a8ecaa14c
http://185.106.94.199/gb.sh	3afdc86df5a060074970fa1636b8893e73b1db43a53d94e938dc98a5b1c66408
http://185.106.94.199/gb.sh	3afdc86df5a060074970fa1636b8893e73b1db43a53d94e938dc98a5b1c66408
http://185.130.5.179/curlsm.sh	23083b0a2459b22e8a3439a6621c6332f3e9a677403f36b9c54590d8de9057ce
http://185.106.94.199/gb.sh	3afdc86df5a060074970fa1636b8893e73b1db43a53d94e938dc98a5b1c66408
http://185.130.5.179/curlsm.sh	23083b0a2459b22e8a3439a6621c6332f3e9a677403f36b9c54590d8de9057ce
http://185.130.5.179/curlsm.sh	23083b0a2459b22e8a3439a6621c6332f3e9a677403f36b9c54590d8de9057ce
http://185.106.94.199/gb.sh	3afdc86df5a060074970fa1636b8893e73b1db43a53d94e938dc98a5b1c66408
http://185.106.94.199/gb.sh	3afdc86df5a060074970fa1636b8893e73b1db43a53d94e938dc98a5b1c66408
http://23.234.25.140:15826/3.1415926	bfa080c361c8180c681d0ba3c9663e9e933352f4ec3396c486f2094def27a2c2
http://222.186.30.148:787/.usb	a58b09abd5b98d577bd7da549ba0e7bcdd4fd3e44a6afc23446cf2cf44d1d326
http://222.186.21.201:2014/u251	da2a3acb7a40ceca3d89f84583703ddc1003a5448e9b1dcda7dea986a4d84f82
http://222.186.21.201:2014/u251	da2a3acb7a40ceca3d89f84583703ddc1003a5448e9b1dcda7dea986a4d84f82
http://185.106.94.199/gb.sh	3afdc86df5a060074970fa1636b8893e73b1db43a53d94e938dc98a5b1c66408
http://222.186.21.201:2014/u251	da2a3acb7a40ceca3d89f84583703ddc1003a5448e9b1dcda7dea986a4d84f82
http://222.186.21.201:2014/u251	da2a3acb7a40ceca3d89f84583703ddc1003a5448e9b1dcda7dea986a4d84f82
http://222.186.21.201:2014/u251	da2a3acb7a40ceca3d89f84583703ddc1003a5448e9b1dcda7dea986a4d84f82
http://173.214.164.245/php1ad.rar	bf01cf8eb0bf6466689505e3b764644d1d505e284d75041bc6b1d5953dac3746
http://208.67.1.46/ddos.pl	fedd7961a8d30cc41c99092e8c6072080998f7788c6840b70a65e4974936d2dd
http://173.214.164.245/php1ss.rar	bf01cf8eb0bf6466689505e3b764644d1d505e284d75041bc6b1d5953dac3746
http://222.186.15.66:8088/Linux2.6	1bf89b28ec9d45280c53b740baeb85aa2e4ed38bb6bade6d2427397b9ec2a417
http://222.186.15.66:8088/Linux2.6	1bf89b28ec9d45280c53b740baeb85aa2e4ed38bb6bade6d2427397b9ec2a417
http://222.186.15.66:8088/Linux2.6	1bf89b28ec9d45280c53b740baeb85aa2e4ed38bb6bade6d2427397b9ec2a417
http://222.186.21.201:12345/udp	da2a3acb7a40ceca3d89f84583703ddc1003a5448e9b1dcda7dea986a4d84f82
http://222.186.21.201:12345/udp	da2a3acb7a40ceca3d89f84583703ddc1003a5448e9b1dcda7dea986a4d84f82
http://203.238.187.59/shop/upload/6816	54580543bf285cb94da57a1b3b62c4b2283fc7554efcebac6379314a1b81cc74
http://198.55.114.141:8080/serf.6	4649f581dee395060adbb5afd605a5e62ad6a8fdb34058006326ec6d6a9ed421
http://203.238.187.59/shop/upload/6816	54580543bf285cb94da57a1b3b62c4b2283fc7554efcebac6379314a1b81cc74
http://23.234.25.140:15826/g251	0f59819c0394537dc96ff243c24d432fc47f44fc72cfc4ccba43c8e5bde8bcf2
http://23.234.25.140:15826/g251	0f59819c0394537dc96ff243c24d432fc47f44fc72cfc4ccba43c8e5bde8bcf2
http://222.186.15.66:8088/linux-mips	c8f093f492b248f2aee61f14ab62b99ea7538d4a4ea43f71fab3e096837b2837
http://222.186.15.66:8088/linux-mips	c8f093f492b248f2aee61f14ab62b99ea7538d4a4ea43f71fab3e096837b2837
http://222.186.15.66:8088/linux-mips	c8f093f492b248f2aee61f14ab62b99ea7538d4a4ea43f71fab3e096837b2837
http://222.186.15.66:8088/linux-mips	c8f093f492b248f2aee61f14ab62b99ea7538d4a4ea43f71fab3e096837b2837
http://155.94.148.142:8080/serd	6db5400996f3dbe16b5caea10efa5febe983a1c701505193ffa207f0e1d5ba58
http://musti.be/lul	c8f393222de8ae2822b854f9a70b8858591535ef16125b1b283893945fdda197
http://musti.be/lul	c8f393222de8ae2822b854f9a70b8858591535ef16125b1b283893945fdda197
http://musti.be/lul	c8f393222de8ae2822b854f9a70b8858591535ef16125b1b283893945fdda197
http://musti.be/lul	c8f393222de8ae2822b854f9a70b8858591535ef16125b1b283893945fdda197
http://222.186.21.201:2014/25002	bfa080c361c8180c681d0ba3c9663e9e933352f4ec3396c486f2094def27a2c2
http://musti.be/lul	c8f393222de8ae2822b854f9a70b8858591535ef16125b1b283893945fdda197
http://musti.be/lul	c8f393222de8ae2822b854f9a70b8858591535ef16125b1b283893945fdda197
http://musti.be/lul	c8f393222de8ae2822b854f9a70b8858591535ef16125b1b283893945fdda197
http://musti.be/lul	c8f393222de8ae2822b854f9a70b8858591535ef16125b1b283893945fdda197
http://222.186.21.201:2014/u251	da2a3acb7a40ceca3d89f84583703ddc1003a5448e9b1dcda7dea986a4d84f82
http://104.199.163.91/x/1sh	13dca7bffbcef4f66f7e2e24b420e3fb15f84173b4bd9b4125e5d95d7cd97725
http://104.199.163.91/x/1sh	13dca7bffbcef4f66f7e2e24b420e3fb15f84173b4bd9b4125e5d95d7cd97725
http://104.199.163.91/x/2sh	e2c0c2bdc8eecd238eaccddfdeedc684530bfe3ed0f5132fedd6ec41b3203359
http://104.199.163.91/x/2sh	e2c0c2bdc8eecd238eaccddfdeedc684530bfe3ed0f5132fedd6ec41b3203359
http://104.199.163.91/x/3sh	4df7aad11121eff064a19af638905f0275c7d7974ecc0d715237c2757a68ebce
http://61.147.107.109:7531/ycier	21fe75ad9fe28cef6b12ffe45b8aecd41540659a67074b5de723c2eadffdd8c4
http://208.67.1.46/ddos.pl	fedd7961a8d30cc41c99092e8c6072080998f7788c6840b70a65e4974936d2dd
http://musti.be/lul	c8f393222de8ae2822b854f9a70b8858591535ef16125b1b283893945fdda197
http://musti.be/lul	c8f393222de8ae2822b854f9a70b8858591535ef16125b1b283893945fdda197
http://musti.be/lul	c8f393222de8ae2822b854f9a70b8858591535ef16125b1b283893945fdda197
http://musti.be/lul	c8f393222de8ae2822b854f9a70b8858591535ef16125b1b283893945fdda197
http://musti.be/lul	c8f393222de8ae2822b854f9a70b8858591535ef16125b1b283893945fdda197
http://musti.be/lul	c8f393222de8ae2822b854f9a70b8858591535ef16125b1b283893945fdda197
http://musti.be/lul	c8f393222de8ae2822b854f9a70b8858591535ef16125b1b283893945fdda197
http://musti.be/lul	c8f393222de8ae2822b854f9a70b8858591535ef16125b1b283893945fdda197
http://musti.be/lul	c8f393222de8ae2822b854f9a70b8858591535ef16125b1b283893945fdda197
http://musti.be/lul	c8f393222de8ae2822b854f9a70b8858591535ef16125b1b283893945fdda197
http://222.186.21.201:2014/u251	da2a3acb7a40ceca3d89f84583703ddc1003a5448e9b1dcda7dea986a4d84f82
http://musti.be/lul	c8f393222de8ae2822b854f9a70b8858591535ef16125b1b283893945fdda197
http://musti.be/lul	c8f393222de8ae2822b854f9a70b8858591535ef16125b1b283893945fdda197
http://donjoan.go.ro/s.jpg	6f54887a1c95d11287c6153ee569346fee8177103e09bb461876103215107311
http://musti.be/lul	c8f393222de8ae2822b854f9a70b8858591535ef16125b1b283893945fdda197
http://musti.be/lul	c8f393222de8ae2822b854f9a70b8858591535ef16125b1b283893945fdda197
http://musti.be/lul	c8f393222de8ae2822b854f9a70b8858591535ef16125b1b283893945fdda197
http://musti.be/lul	c8f393222de8ae2822b854f9a70b8858591535ef16125b1b283893945fdda197
http://musti.be/lul	c8f393222de8ae2822b854f9a70b8858591535ef16125b1b283893945fdda197
http://musti.be/lul	c8f393222de8ae2822b854f9a70b8858591535ef16125b1b283893945fdda197
http://musti.be/lul	c8f393222de8ae2822b854f9a70b8858591535ef16125b1b283893945fdda197
http://musti.be/lul	c8f393222de8ae2822b854f9a70b8858591535ef16125b1b283893945fdda197
http://musti.be/lul	c8f393222de8ae2822b854f9a70b8858591535ef16125b1b283893945fdda197
http://musti.be/lul	c8f393222de8ae2822b854f9a70b8858591535ef16125b1b283893945fdda197
http://23.234.25.140:15826/g251	0f59819c0394537dc96ff243c24d432fc47f44fc72cfc4ccba43c8e5bde8bcf2
http://musti.be/lul	c8f393222de8ae2822b854f9a70b8858591535ef16125b1b283893945fdda197
http://musti.be/lul	c8f393222de8ae2822b854f9a70b8858591535ef16125b1b283893945fdda197
http://222.186.21.201:2014/u251	da2a3acb7a40ceca3d89f84583703ddc1003a5448e9b1dcda7dea986a4d84f82
http://222.186.21.201:2014/u251	da2a3acb7a40ceca3d89f84583703ddc1003a5448e9b1dcda7dea986a4d84f82
http://185.106.94.199/gb.sh	3afdc86df5a060074970fa1636b8893e73b1db43a53d94e938dc98a5b1c66408
http://222.186.21.201:2014/u251	da2a3acb7a40ceca3d89f84583703ddc1003a5448e9b1dcda7dea986a4d84f82
http://222.186.21.201:2014/u251	da2a3acb7a40ceca3d89f84583703ddc1003a5448e9b1dcda7dea986a4d84f82
http://222.186.21.201:2014/u251	da2a3acb7a40ceca3d89f84583703ddc1003a5448e9b1dcda7dea986a4d84f82
http://downloads.sourceforge.net/project/cs16hldslinux/hlds.tar.gz	f21a74f7110824fb49ff31f4dd04dc5e3ef6fad245d948026fa188b551d2ea20
http://222.186.42.238:801/lin12	162fb5a8af93978078c3ebeb0776af2053d8fc2fab6670f057fb5c7280c978d5
http://222.186.42.238:801/lin12	162fb5a8af93978078c3ebeb0776af2053d8fc2fab6670f057fb5c7280c978d5
http://222.186.42.238:801/lin12	162fb5a8af93978078c3ebeb0776af2053d8fc2fab6670f057fb5c7280c978d5
http://222.186.42.238:801/lin12	162fb5a8af93978078c3ebeb0776af2053d8fc2fab6670f057fb5c7280c978d5
http://149.202.153.56/p2p/blj.sh	5e238bd65d8089573dba22422d910e89724a23feeaac659da8404d9140246dbc
http://www.psybnc.at/download/beta/psyBNC-2.3.2-7.tar.gz	be38468b374b0470a5728b154527019b7d613c90dc23a93053fda7cdd93f6519
http://149.202.175.167/gb.sh	101d4426437b7c348356bab726ef1c5714e372d5a97f538ff02a89fed3b40254
http://149.202.175.167/gb.sh	101d4426437b7c348356bab726ef1c5714e372d5a97f538ff02a89fed3b40254
http://149.202.175.167/gb.sh	101d4426437b7c348356bab726ef1c5714e372d5a97f538ff02a89fed3b40254
http://222.186.21.201:2014/u251	da2a3acb7a40ceca3d89f84583703ddc1003a5448e9b1dcda7dea986a4d84f82
http://222.186.21.201:2014/u251	da2a3acb7a40ceca3d89f84583703ddc1003a5448e9b1dcda7dea986a4d84f82
http://222.186.21.201:2014/u251	da2a3acb7a40ceca3d89f84583703ddc1003a5448e9b1dcda7dea986a4d84f82
http://222.186.21.201:2014/u251	da2a3acb7a40ceca3d89f84583703ddc1003a5448e9b1dcda7dea986a4d84f82
http://222.186.34.203:5314/breeb	22acffe94db67f5cbbdf2a6c0643b91202839fd6e588f939e9dba8ab20390cbb
http://149.202.153.56/blj.sh	08b31e9456aefad37cb55751a6f6ee8bb4b77051037f071176f0466d904035dd
http://185.106.94.137/gb.sh	e353bd606ebbc32b3cd8f4ca3f15e9f8c6f3ab74a473e338289bc16ad2b5cf48
http://185.106.94.137/gb.sh	e353bd606ebbc32b3cd8f4ca3f15e9f8c6f3ab74a473e338289bc16ad2b5cf48
http://155.94.224.215:821/QC	48d2b8b6057e63d0e9709023f1c28d26ab31b7bf16596360961f8b6352212d53
http://149.202.153.56/blj.sh	08b31e9456aefad37cb55751a6f6ee8bb4b77051037f071176f0466d904035dd
http://185.82.201.93/Bots/Binarys.sh	d00605482d264dd21af68815b29a7a95de50dc63241d63f6561bc894dee5a34b
http://222.186.21.201:2014/u251	da2a3acb7a40ceca3d89f84583703ddc1003a5448e9b1dcda7dea986a4d84f82
http://222.186.21.201:2014/u251	da2a3acb7a40ceca3d89f84583703ddc1003a5448e9b1dcda7dea986a4d84f82
http://222.186.21.201:2014/u251	da2a3acb7a40ceca3d89f84583703ddc1003a5448e9b1dcda7dea986a4d84f82
http://222.186.30.148:787/.usb	a58b09abd5b98d577bd7da549ba0e7bcdd4fd3e44a6afc23446cf2cf44d1d326
http://185.82.201.93/Bots/Binarys.sh	d00605482d264dd21af68815b29a7a95de50dc63241d63f6561bc894dee5a34b
http://149.202.153.56/blj.sh	769c480c9247bfde9273f260200492329e84f279199463384792cc350e2f4458
http://185.82.201.93/Bots/Binarys.sh	d00605482d264dd21af68815b29a7a95de50dc63241d63f6561bc894dee5a34b
http://208.67.1.46/ddos.pl	fedd7961a8d30cc41c99092e8c6072080998f7788c6840b70a65e4974936d2dd
http://185.82.201.93/Bots/Binarys.sh	d00605482d264dd21af68815b29a7a95de50dc63241d63f6561bc894dee5a34b
http://185.82.201.93/Bots/Binarys.sh	d00605482d264dd21af68815b29a7a95de50dc63241d63f6561bc894dee5a34b
http://208.67.1.46/ddos.pl	18f7094f5f541b9c41614d7e9a0eadd3a1c074a275b74b5809491c5e2056aa57
http://149.202.153.56/blj.sh	003a12f750b256ec97ef45c063b2e36cb377d8caae7b0bc34be0c7adf4535d7d
http://61.160.6.122:801/liyxy	a7274a79ff2833f312ff01118903ad1aa8c5accc9a6e8c689436bbebc09bdfee
http://61.160.6.122:801/liyxy	a7274a79ff2833f312ff01118903ad1aa8c5accc9a6e8c689436bbebc09bdfee
http://61.160.6.122:801/liyxy	a7274a79ff2833f312ff01118903ad1aa8c5accc9a6e8c689436bbebc09bdfee
http://61.160.6.122:801/liyxy	a7274a79ff2833f312ff01118903ad1aa8c5accc9a6e8c689436bbebc09bdfee
http://61.160.6.122:801/liyxy	a7274a79ff2833f312ff01118903ad1aa8c5accc9a6e8c689436bbebc09bdfee
http://61.160.6.122:801/liyxy	a7274a79ff2833f312ff01118903ad1aa8c5accc9a6e8c689436bbebc09bdfee
http://61.160.6.122:801/liyxy	a7274a79ff2833f312ff01118903ad1aa8c5accc9a6e8c689436bbebc09bdfee
http://61.160.6.122:801/liyxy	a7274a79ff2833f312ff01118903ad1aa8c5accc9a6e8c689436bbebc09bdfee
http://61.160.6.122:801/liyxy	a7274a79ff2833f312ff01118903ad1aa8c5accc9a6e8c689436bbebc09bdfee
http://61.160.6.122:801/liyxy	a7274a79ff2833f312ff01118903ad1aa8c5accc9a6e8c689436bbebc09bdfee
http://149.202.153.56/blj.sh	003a12f750b256ec97ef45c063b2e36cb377d8caae7b0bc34be0c7adf4535d7d
http://semprecomigo.hol.es	d546e9f8192de3a5bd8e716ed099f7fa87a22b605501a803660172d996378817
http://revista_ciencia.espe.edu.ec/wp-content/uploads/2016/01/ddos.pl	1f1f91461a8f78342efd2177ec61c232672bbed43b03c3d12b24b72d77bf83c9
http://149.202.153.56/blj.sh	003a12f750b256ec97ef45c063b2e36cb377d8caae7b0bc34be0c7adf4535d7d
http://222.186.31.159:280/taii	383873a998aec279308dfb8550d5c393445a6c7c330e9e5f3723e5853fd630cd
http://149.202.153.56/blj.sh	003a12f750b256ec97ef45c063b2e36cb377d8caae7b0bc34be0c7adf4535d7d
http://222.186.31.159:280/taii	383873a998aec279308dfb8550d5c393445a6c7c330e9e5f3723e5853fd630cd
http://222.186.31.159:280/taii	383873a998aec279308dfb8550d5c393445a6c7c330e9e5f3723e5853fd630cd
http://222.186.31.159:280/taii	383873a998aec279308dfb8550d5c393445a6c7c330e9e5f3723e5853fd630cd
http://222.186.31.159:280/taii	383873a998aec279308dfb8550d5c393445a6c7c330e9e5f3723e5853fd630cd
http://222.186.31.159:280/taii	383873a998aec279308dfb8550d5c393445a6c7c330e9e5f3723e5853fd630cd
http://149.91.89.68/bin.sh	bd3a0a24bb250a8fc67a8ef183ca8f80b4fd63ba4a90c200737c5a23fd8c5963
http://222.186.21.201:2014/u251	da2a3acb7a40ceca3d89f84583703ddc1003a5448e9b1dcda7dea986a4d84f82
http://donjoan.go.ro/s.jpg	6f54887a1c95d11287c6153ee569346fee8177103e09bb461876103215107311
http://173.254.198.249:280/suchen	9c7ce302769a864dd7ec996a003a6ef4ce9457c3e89bf53537c7eef4ebbe3ead
http://173.254.198.249:280/suchen	9c7ce302769a864dd7ec996a003a6ef4ce9457c3e89bf53537c7eef4ebbe3ead
http://b.1339.cf/smlatyq.sh	92890b2e9c67beb40e790a09a7cfc3b42ab35a63204b38591ca17b34afd59527
http://b.1339.cf/gbedpxe.sh	f67d96a74cac68c355b7c7b6e19282ea3a1f39a486a5e2b2079df1c4526be1f4
http://b.1339.cf/gbedpxe.sh	f67d96a74cac68c355b7c7b6e19282ea3a1f39a486a5e2b2079df1c4526be1f4
http://b.1339.cf/gbedpxe.sh	f67d96a74cac68c355b7c7b6e19282ea3a1f39a486a5e2b2079df1c4526be1f4
http://b.1339.cf/gbedpxe.sh	f67d96a74cac68c355b7c7b6e19282ea3a1f39a486a5e2b2079df1c4526be1f4
http://181.214.92.11/gb.sh	41d310cbf46e5e3d0d6bba1dcf055cd1f66aa11acfcc0881d10385a43df14831
http://181.214.92.16/TwoFace/DICKS.sh	7a3ccaf3e3f9224722829548f06ee91f74761272c557df387f70aa556ff5f001
http://181.214.92.16/TwoFace/DICKS.sh	7a3ccaf3e3f9224722829548f06ee91f74761272c557df387f70aa556ff5f001
http://181.214.92.16/TwoFace/DICKS.sh	7a3ccaf3e3f9224722829548f06ee91f74761272c557df387f70aa556ff5f001
http://181.214.92.16/TwoFace/DICKS.sh	7a3ccaf3e3f9224722829548f06ee91f74761272c557df387f70aa556ff5f001
http://181.214.92.16/TwoFace/DICKS.sh	7a3ccaf3e3f9224722829548f06ee91f74761272c557df387f70aa556ff5f001
http://badluckjosh.pw/dongs/blj.sh	3cf62b99bdeedd8e0e0bc0e08076121398d6ecd8a27f10acd3766c2b96c8a64f
http://181.214.92.24/xbin.sh	5d8042213c21959d7fc355a9e477ad21ec5b213c71e2ac82e088c3442aa5d61f
http://181.214.92.16/TwoFace/DICKS.sh	7a3ccaf3e3f9224722829548f06ee91f74761272c557df387f70aa556ff5f001
http://181.214.92.16/TwoFace/DICKS.sh	7a3ccaf3e3f9224722829548f06ee91f74761272c557df387f70aa556ff5f001
http://173.0.63.78/s.pl	fe931ae436f4ecf20771c4ecb4b316107092e2e7e143748bd522fca73ec53c09
http://173.0.63.78/s.pl	fe931ae436f4ecf20771c4ecb4b316107092e2e7e143748bd522fca73ec53c09
http://173.0.63.78/s.pl	fe931ae436f4ecf20771c4ecb4b316107092e2e7e143748bd522fca73ec53c09
http://173.0.63.78/s.pl	fe931ae436f4ecf20771c4ecb4b316107092e2e7e143748bd522fca73ec53c09
http://181.214.92.24/xxbin.sh	4a83c6642f94ef9e0a0a6013b1d49baaf59142e043762261533a506fcfc2df52
http://181.214.92.16/TwoFace/DICKS.sh	3ab7fed88f244fc648d70290e69383d80af276bd7fd4f69a27a25e945b27d6d7
http://222.186.34.203:5314/breeb	22acffe94db67f5cbbdf2a6c0643b91202839fd6e588f939e9dba8ab20390cbb
http://181.214.92.16/TwoFace/DICKS.sh	3ab7fed88f244fc648d70290e69383d80af276bd7fd4f69a27a25e945b27d6d7
http://181.214.92.16/TwoFace/DICKS.sh	3ab7fed88f244fc648d70290e69383d80af276bd7fd4f69a27a25e945b27d6d7
http://181.214.92.16/TwoFace/DICKS.sh	3ab7fed88f244fc648d70290e69383d80af276bd7fd4f69a27a25e945b27d6d7
http://181.214.92.16/TwoFace/DICKS.sh	3ab7fed88f244fc648d70290e69383d80af276bd7fd4f69a27a25e945b27d6d7
http://173.0.63.78/s.pl	fe931ae436f4ecf20771c4ecb4b316107092e2e7e143748bd522fca73ec53c09
http://173.0.63.78/s.pl	fe931ae436f4ecf20771c4ecb4b316107092e2e7e143748bd522fca73ec53c09
http://173.0.63.78/s.pl	fe931ae436f4ecf20771c4ecb4b316107092e2e7e143748bd522fca73ec53c09
http://173.0.63.78/s.pl	fe931ae436f4ecf20771c4ecb4b316107092e2e7e143748bd522fca73ec53c09
http://181.214.92.16/TwoFace/DICKS.sh	3ab7fed88f244fc648d70290e69383d80af276bd7fd4f69a27a25e945b27d6d7
http://funny.ucoz.hu/seed.jpg	4585ccdf4144c58e87fcb55a394741cd17375ddb4c221788e699edd2a542c468
http://181.214.92.16/TwoFace/DICKS.sh	3ab7fed88f244fc648d70290e69383d80af276bd7fd4f69a27a25e945b27d6d7
http://122.225.103.91:8080/1111	96f92f21fd44d035cb7bd0009f0c40f96f9d032b23602cbd28f7adfc543f4a7b
http://122.225.103.91:8080/1111	96f92f21fd44d035cb7bd0009f0c40f96f9d032b23602cbd28f7adfc543f4a7b
http://122.225.103.91:8080/1111	96f92f21fd44d035cb7bd0009f0c40f96f9d032b23602cbd28f7adfc543f4a7b
http://122.225.103.91:8080/1111	96f92f21fd44d035cb7bd0009f0c40f96f9d032b23602cbd28f7adfc543f4a7b
http://173.0.63.78/s.pl	fe931ae436f4ecf20771c4ecb4b316107092e2e7e143748bd522fca73ec53c09
http://173.0.63.78/s.pl	fe931ae436f4ecf20771c4ecb4b316107092e2e7e143748bd522fca73ec53c09
http://173.0.63.78/s.pl	fe931ae436f4ecf20771c4ecb4b316107092e2e7e143748bd522fca73ec53c09
http://173.0.63.78/s.pl	fe931ae436f4ecf20771c4ecb4b316107092e2e7e143748bd522fca73ec53c09
http://173.0.63.78/s.pl	fe931ae436f4ecf20771c4ecb4b316107092e2e7e143748bd522fca73ec53c09
http://173.0.63.78/s.pl	fe931ae436f4ecf20771c4ecb4b316107092e2e7e143748bd522fca73ec53c09
http://180.97.215.35:208/HDwl	a5925c4a98b23d0f8c4da848e6486802194185a7ada151241cc90815cf836545
http://173.0.63.78/s.pl	fe931ae436f4ecf20771c4ecb4b316107092e2e7e143748bd522fca73ec53c09
http://173.0.63.78/s.pl	fe931ae436f4ecf20771c4ecb4b316107092e2e7e143748bd522fca73ec53c09
http://173.0.63.78/s.pl	fe931ae436f4ecf20771c4ecb4b316107092e2e7e143748bd522fca73ec53c09
http://173.0.63.78/s.pl	fe931ae436f4ecf20771c4ecb4b316107092e2e7e143748bd522fca73ec53c09
http://222.186.21.201:12345/udp	da2a3acb7a40ceca3d89f84583703ddc1003a5448e9b1dcda7dea986a4d84f82
http://b.1339.cf/awqnyhk.sh	12d9509a8af540cbcf7092cadc42bf3cb91e241aae48abbec11e44095ca174b9
http://173.0.63.78/r.pl	24b511e9e3c9461f071834de1335910b0d5a35ce71a6b02008745676e2868b9b
http://173.0.63.78/r.pl	24b511e9e3c9461f071834de1335910b0d5a35ce71a6b02008745676e2868b9b
http://222.186.42.15:8080/1	e243f31cd806c58e0f23aea63e11637a5a56b5240003075e7cd276166f5db7b7
http://222.186.42.15:8080/1	e243f31cd806c58e0f23aea63e11637a5a56b5240003075e7cd276166f5db7b7
http://222.186.42.15:8080/2	24e3efe2780027d467691509d8702ecf1836abec9d69dce44afd9210b6d25a03
http://222.186.42.15:8080/2	24e3efe2780027d467691509d8702ecf1836abec9d69dce44afd9210b6d25a03
http://203.238.187.59/shop/upload/6816	54580543bf285cb94da57a1b3b62c4b2283fc7554efcebac6379314a1b81cc74
http://173.0.63.78/r.pl	24b511e9e3c9461f071834de1335910b0d5a35ce71a6b02008745676e2868b9b
http://173.0.63.78/r.pl	24b511e9e3c9461f071834de1335910b0d5a35ce71a6b02008745676e2868b9b
http://222.186.34.203:5314/breeb	22acffe94db67f5cbbdf2a6c0643b91202839fd6e588f939e9dba8ab20390cbb
http://222.186.34.203:5314/breeb	22acffe94db67f5cbbdf2a6c0643b91202839fd6e588f939e9dba8ab20390cbb
http://203.238.187.59/shop/upload/6816	54580543bf285cb94da57a1b3b62c4b2283fc7554efcebac6379314a1b81cc74
http://173.0.63.78/r.pl	24b511e9e3c9461f071834de1335910b0d5a35ce71a6b02008745676e2868b9b
http://173.0.63.78/r.pl	24b511e9e3c9461f071834de1335910b0d5a35ce71a6b02008745676e2868b9b
http://173.0.63.78/s.pl	fe931ae436f4ecf20771c4ecb4b316107092e2e7e143748bd522fca73ec53c09
http://173.0.63.78/s.pl	fe931ae436f4ecf20771c4ecb4b316107092e2e7e143748bd522fca73ec53c09
http://185.61.138.175/a/a.pl	e03134bfff2db681f32d9129d1c8ee9393a98ad3093a43740d730975ae87c161
http://203.238.187.59/shop/upload/6915	5ec7d50b1bf29b4e46243e0c113ebd1c6df57963e6da14893bbcb848f45a302f
http://173.0.63.78/s.pl	fe931ae436f4ecf20771c4ecb4b316107092e2e7e143748bd522fca73ec53c09
http://173.0.63.78/s.pl	fe931ae436f4ecf20771c4ecb4b316107092e2e7e143748bd522fca73ec53c09
http://185.61.138.175/a/a.pl	e03134bfff2db681f32d9129d1c8ee9393a98ad3093a43740d730975ae87c161
http://185.61.138.175/a/a.pl	e03134bfff2db681f32d9129d1c8ee9393a98ad3093a43740d730975ae87c161
http://87.117.197.82/Bots/Binarys.sh	84edcc067f12114df502f9b9412e0342dc556a64b18b65fa734a4b919119acd4
http://121.12.127.125:5198/breeb	22acffe94db67f5cbbdf2a6c0643b91202839fd6e588f939e9dba8ab20390cbb
http://123.249.24.86:256/Linux2.6	6ba6f67c2a6a636ba4b3b516eb8780f3234c76d099d86573bc61544bf91d91e5
http://23.234.25.140:15826/udp	da2a3acb7a40ceca3d89f84583703ddc1003a5448e9b1dcda7dea986a4d84f82
http://23.234.25.140:15826/udp	da2a3acb7a40ceca3d89f84583703ddc1003a5448e9b1dcda7dea986a4d84f82
http://198.144.181.16/bot.pl	70e59b728561e8326351d7dc835699ba49997a4f2a615fd3b6326ba4e6f186d4
http://222.186.42.15:8080/Linux2.6	e243f31cd806c58e0f23aea63e11637a5a56b5240003075e7cd276166f5db7b7
http://222.186.42.15:8080/Linux2.6	e243f31cd806c58e0f23aea63e11637a5a56b5240003075e7cd276166f5db7b7
http://198.144.181.16/pbot.pl	ee31d340e3a9dc408361dab2e34a3883ccec54833054da697a48825cf07e6148
http://198.144.181.16/pbot.pl	f406134e574427a462732ca63b6fdec98a4ffad7e10827e02dbef1668453a4a6
http://203.238.187.59/shop/upload/6816	54580543bf285cb94da57a1b3b62c4b2283fc7554efcebac6379314a1b81cc74
http://23.234.25.140:15826/g251	0f59819c0394537dc96ff243c24d432fc47f44fc72cfc4ccba43c8e5bde8bcf2
http://23.234.25.140:15826/g251	0f59819c0394537dc96ff243c24d432fc47f44fc72cfc4ccba43c8e5bde8bcf2
http://23.234.25.140:15826/g251	0f59819c0394537dc96ff243c24d432fc47f44fc72cfc4ccba43c8e5bde8bcf2
http://23.234.25.140:15826/g251	0f59819c0394537dc96ff243c24d432fc47f44fc72cfc4ccba43c8e5bde8bcf2
http://23.234.25.140:15826/g251	0f59819c0394537dc96ff243c24d432fc47f44fc72cfc4ccba43c8e5bde8bcf2
http://23.234.25.140:15826/g251	0f59819c0394537dc96ff243c24d432fc47f44fc72cfc4ccba43c8e5bde8bcf2
http://23.234.25.140:15826/g251	0f59819c0394537dc96ff243c24d432fc47f44fc72cfc4ccba43c8e5bde8bcf2
http://23.234.25.140:15826/g251	0f59819c0394537dc96ff243c24d432fc47f44fc72cfc4ccba43c8e5bde8bcf2
http://23.234.25.140:15826/g251	0f59819c0394537dc96ff243c24d432fc47f44fc72cfc4ccba43c8e5bde8bcf2
http://23.234.25.140:15826/g251	0f59819c0394537dc96ff243c24d432fc47f44fc72cfc4ccba43c8e5bde8bcf2
http://23.234.25.140:15826/g251	0f59819c0394537dc96ff243c24d432fc47f44fc72cfc4ccba43c8e5bde8bcf2
http://23.234.25.140:15826/g251	0f59819c0394537dc96ff243c24d432fc47f44fc72cfc4ccba43c8e5bde8bcf2
http://23.234.25.140:15826/g251	0f59819c0394537dc96ff243c24d432fc47f44fc72cfc4ccba43c8e5bde8bcf2
http://23.234.25.140:15826/g251	0f59819c0394537dc96ff243c24d432fc47f44fc72cfc4ccba43c8e5bde8bcf2
http://23.234.25.140:15826/g251	0f59819c0394537dc96ff243c24d432fc47f44fc72cfc4ccba43c8e5bde8bcf2
http://23.234.25.140:15826/g251	0f59819c0394537dc96ff243c24d432fc47f44fc72cfc4ccba43c8e5bde8bcf2
http://23.234.25.140:15826/g251	0f59819c0394537dc96ff243c24d432fc47f44fc72cfc4ccba43c8e5bde8bcf2
http://23.234.25.140:15826/g251	0f59819c0394537dc96ff243c24d432fc47f44fc72cfc4ccba43c8e5bde8bcf2
http://23.234.25.140:15826/g251	0f59819c0394537dc96ff243c24d432fc47f44fc72cfc4ccba43c8e5bde8bcf2
http://23.234.25.140:15826/g251	0f59819c0394537dc96ff243c24d432fc47f44fc72cfc4ccba43c8e5bde8bcf2
http://23.234.25.140:15826/g251	0f59819c0394537dc96ff243c24d432fc47f44fc72cfc4ccba43c8e5bde8bcf2
http://203.238.187.59/shop/upload/6816	54580543bf285cb94da57a1b3b62c4b2283fc7554efcebac6379314a1b81cc74
http://181.214.92.16/TwoFace/DICKS.sh	3ab7fed88f244fc648d70290e69383d80af276bd7fd4f69a27a25e945b27d6d7
http://181.214.92.16/TwoFace/DICKS.sh	3ab7fed88f244fc648d70290e69383d80af276bd7fd4f69a27a25e945b27d6d7
http://181.214.92.16/TwoFace/DICKS.sh	3ab7fed88f244fc648d70290e69383d80af276bd7fd4f69a27a25e945b27d6d7
http://www.geocities.ws/hwnd/.bash_profil	e2f37f8ecd3e295b256e31c0dbae15a8f5ca41f097c9251bc845b9394e8f4eac
http://155.94.148.142:8080/serat	6db5400996f3dbe16b5caea10efa5febe983a1c701505193ffa207f0e1d5ba58
http://155.94.148.142:8080/serat	6db5400996f3dbe16b5caea10efa5febe983a1c701505193ffa207f0e1d5ba58
http://155.94.148.142:8080/serat	6db5400996f3dbe16b5caea10efa5febe983a1c701505193ffa207f0e1d5ba58
http://155.94.148.142:8080/serat	6db5400996f3dbe16b5caea10efa5febe983a1c701505193ffa207f0e1d5ba58
http://192.184.40.82:4233/xff	ec6241a09cf9d3aba038704262f562ef0bf435cdcd41df5b3f30bbb40aee5d10
http://192.184.40.82:4233/xff	ec6241a09cf9d3aba038704262f562ef0bf435cdcd41df5b3f30bbb40aee5d10
http://192.184.40.82:4233/xff	ec6241a09cf9d3aba038704262f562ef0bf435cdcd41df5b3f30bbb40aee5d10
http://192.184.40.82:4233/xff	ec6241a09cf9d3aba038704262f562ef0bf435cdcd41df5b3f30bbb40aee5d10
http://23.234.25.140:15826/3.14	bfa080c361c8180c681d0ba3c9663e9e933352f4ec3396c486f2094def27a2c2
http://23.234.25.140:15826/3.14	bfa080c361c8180c681d0ba3c9663e9e933352f4ec3396c486f2094def27a2c2
http://23.234.25.140:15826/3.14	bfa080c361c8180c681d0ba3c9663e9e933352f4ec3396c486f2094def27a2c2
http://192.184.40.82:4233/xff	ec6241a09cf9d3aba038704262f562ef0bf435cdcd41df5b3f30bbb40aee5d10
http://192.184.40.82:4233/xff	ec6241a09cf9d3aba038704262f562ef0bf435cdcd41df5b3f30bbb40aee5d10
http://192.184.40.82:4233/xff	ec6241a09cf9d3aba038704262f562ef0bf435cdcd41df5b3f30bbb40aee5d10
http://192.184.40.82:4233/xff	ec6241a09cf9d3aba038704262f562ef0bf435cdcd41df5b3f30bbb40aee5d10
http://192.184.40.82:4233/xff	ec6241a09cf9d3aba038704262f562ef0bf435cdcd41df5b3f30bbb40aee5d10
http://192.184.40.82:4233/xff	ec6241a09cf9d3aba038704262f562ef0bf435cdcd41df5b3f30bbb40aee5d10
http://192.184.40.82:4233/xff	ec6241a09cf9d3aba038704262f562ef0bf435cdcd41df5b3f30bbb40aee5d10
http://192.184.40.82:4233/xff	ec6241a09cf9d3aba038704262f562ef0bf435cdcd41df5b3f30bbb40aee5d10
http://192.184.40.82:4233/xff	ec6241a09cf9d3aba038704262f562ef0bf435cdcd41df5b3f30bbb40aee5d10
http://192.184.40.82:4233/xff	ec6241a09cf9d3aba038704262f562ef0bf435cdcd41df5b3f30bbb40aee5d10
http://192.184.40.82:4233/xff	ec6241a09cf9d3aba038704262f562ef0bf435cdcd41df5b3f30bbb40aee5d10
http://192.184.40.82:4233/xff	ec6241a09cf9d3aba038704262f562ef0bf435cdcd41df5b3f30bbb40aee5d10
http://192.184.40.82:4233/xff	ec6241a09cf9d3aba038704262f562ef0bf435cdcd41df5b3f30bbb40aee5d10
http://192.184.40.82:4233/xff	ec6241a09cf9d3aba038704262f562ef0bf435cdcd41df5b3f30bbb40aee5d10
http://192.184.40.82:4233/xff	ec6241a09cf9d3aba038704262f562ef0bf435cdcd41df5b3f30bbb40aee5d10
http://192.184.40.82:4233/xff	ec6241a09cf9d3aba038704262f562ef0bf435cdcd41df5b3f30bbb40aee5d10
http://192.184.40.82:4233/xff	ec6241a09cf9d3aba038704262f562ef0bf435cdcd41df5b3f30bbb40aee5d10
http://192.184.40.82:4233/xff	ec6241a09cf9d3aba038704262f562ef0bf435cdcd41df5b3f30bbb40aee5d10
http://192.184.40.82:4233/xff	ec6241a09cf9d3aba038704262f562ef0bf435cdcd41df5b3f30bbb40aee5d10
http://192.184.40.82:4233/xff	ec6241a09cf9d3aba038704262f562ef0bf435cdcd41df5b3f30bbb40aee5d10
http://192.184.40.82:4233/xff	ec6241a09cf9d3aba038704262f562ef0bf435cdcd41df5b3f30bbb40aee5d10
http://192.184.40.82:4233/xff	ec6241a09cf9d3aba038704262f562ef0bf435cdcd41df5b3f30bbb40aee5d10
http://i9x0.com/tools/bnc.jpg	a72da1332123ac9d25ad9de5e85b4b560e952fc849bf424c74925d7efed4f83d
http://192.184.40.82:4233/xff	ec6241a09cf9d3aba038704262f562ef0bf435cdcd41df5b3f30bbb40aee5d10
http://192.184.40.82:4233/xff	ec6241a09cf9d3aba038704262f562ef0bf435cdcd41df5b3f30bbb40aee5d10
http://192.184.40.82:4233/xff	ec6241a09cf9d3aba038704262f562ef0bf435cdcd41df5b3f30bbb40aee5d10
http://192.184.40.82:4233/xff	ec6241a09cf9d3aba038704262f562ef0bf435cdcd41df5b3f30bbb40aee5d10
http://121.127.234.33/ser	f13631af3368fd8c9805e88b6ef0f69020def285801cef33264fea76f8cbeee2
http://121.127.234.33/ser	f13631af3368fd8c9805e88b6ef0f69020def285801cef33264fea76f8cbeee2
http://121.127.234.33/ser	f13631af3368fd8c9805e88b6ef0f69020def285801cef33264fea76f8cbeee2
http://121.127.234.33/ser	f13631af3368fd8c9805e88b6ef0f69020def285801cef33264fea76f8cbeee2
http://192.184.40.82:4233/xff	ec6241a09cf9d3aba038704262f562ef0bf435cdcd41df5b3f30bbb40aee5d10
http://192.184.40.82:4233/xff	ec6241a09cf9d3aba038704262f562ef0bf435cdcd41df5b3f30bbb40aee5d10
http://192.184.40.82:4233/xff	ec6241a09cf9d3aba038704262f562ef0bf435cdcd41df5b3f30bbb40aee5d10
http://192.184.40.82:4233/xff	ec6241a09cf9d3aba038704262f562ef0bf435cdcd41df5b3f30bbb40aee5d10
http://192.184.40.82:8185/mips	8eabe2f49a8d5f8093143189d49ca028f8d31c453ff09fb15c9ce94221faf8f2
http://192.184.40.82:8185/mips	8eabe2f49a8d5f8093143189d49ca028f8d31c453ff09fb15c9ce94221faf8f2
http://192.184.40.82:8185/mips	8eabe2f49a8d5f8093143189d49ca028f8d31c453ff09fb15c9ce94221faf8f2
http://192.184.40.82:8185/mips	8eabe2f49a8d5f8093143189d49ca028f8d31c453ff09fb15c9ce94221faf8f2
http://192.184.40.82:8185/ux2.6	ec6241a09cf9d3aba038704262f562ef0bf435cdcd41df5b3f30bbb40aee5d10
http://192.184.40.82:8185/ux2.6	ec6241a09cf9d3aba038704262f562ef0bf435cdcd41df5b3f30bbb40aee5d10
http://192.184.40.82:8185/arm	f29b11b23dae0c5b8b5a241e4962c06d73e315a0406b1ddb8c803eef09906207
http://192.184.40.82:8185/arm	f29b11b23dae0c5b8b5a241e4962c06d73e315a0406b1ddb8c803eef09906207
http://192.184.40.82:8185/arm	f29b11b23dae0c5b8b5a241e4962c06d73e315a0406b1ddb8c803eef09906207
http://23.234.25.140:15826/g251	0f59819c0394537dc96ff243c24d432fc47f44fc72cfc4ccba43c8e5bde8bcf2
http://23.234.25.140:15826/g251	0f59819c0394537dc96ff243c24d432fc47f44fc72cfc4ccba43c8e5bde8bcf2
http://23.234.25.140:15826/g251	0f59819c0394537dc96ff243c24d432fc47f44fc72cfc4ccba43c8e5bde8bcf2
http://208.67.1.59/bin.sh	88dff0ef5e8d15c301c205f88d8ea4c15bb524c49d16d97d1b0f87112f459aab
http://23.234.25.140:15826/linux	f5c0b6977b985f03d6eced64343ac56c37f0b847d8ca85110dc489f996db310e
http://23.234.25.140:15826/linux	f5c0b6977b985f03d6eced64343ac56c37f0b847d8ca85110dc489f996db310e
http://23.234.25.140:15826/linux	f5c0b6977b985f03d6eced64343ac56c37f0b847d8ca85110dc489f996db310e
http://23.234.25.140:15826/linux	f5c0b6977b985f03d6eced64343ac56c37f0b847d8ca85110dc489f996db310e
http://23.234.25.140:15826/linux	f5c0b6977b985f03d6eced64343ac56c37f0b847d8ca85110dc489f996db310e
http://23.234.25.140:15826/g251	0f59819c0394537dc96ff243c24d432fc47f44fc72cfc4ccba43c8e5bde8bcf2
http://23.234.25.140:15826/g251	0f59819c0394537dc96ff243c24d432fc47f44fc72cfc4ccba43c8e5bde8bcf2
http://23.234.25.140:15826/g251	0f59819c0394537dc96ff243c24d432fc47f44fc72cfc4ccba43c8e5bde8bcf2
http://23.234.25.140:15826/g251	0f59819c0394537dc96ff243c24d432fc47f44fc72cfc4ccba43c8e5bde8bcf2
http://23.234.25.140:15826/g251	0f59819c0394537dc96ff243c24d432fc47f44fc72cfc4ccba43c8e5bde8bcf2
http://23.234.25.140:15826/g251	0f59819c0394537dc96ff243c24d432fc47f44fc72cfc4ccba43c8e5bde8bcf2
http://58.221.46.45:8888/xiaoweiwei	b4f7c8c5ed4bbcc18b9abca756f3f31e2d733b6b043e3a50dcd4dfd50a1fae7c
http://58.221.46.45:8888/xiaoweiwei	b4f7c8c5ed4bbcc18b9abca756f3f31e2d733b6b043e3a50dcd4dfd50a1fae7c
http://58.221.46.45:8888/xiaoweiwei	b4f7c8c5ed4bbcc18b9abca756f3f31e2d733b6b043e3a50dcd4dfd50a1fae7c
http://58.221.46.45:8888/xiaoweiwei	b4f7c8c5ed4bbcc18b9abca756f3f31e2d733b6b043e3a50dcd4dfd50a1fae7c
http://musti.be/lul	c8f393222de8ae2822b854f9a70b8858591535ef16125b1b283893945fdda197
http://musti.be/lul	c8f393222de8ae2822b854f9a70b8858591535ef16125b1b283893945fdda197
http://musti.be/lul	c8f393222de8ae2822b854f9a70b8858591535ef16125b1b283893945fdda197
http://musti.be/lul	c8f393222de8ae2822b854f9a70b8858591535ef16125b1b283893945fdda197
http://188.209.52.52/perl.pl	cf3e27fbc55012022590b195c26588a792ee6c81d3c87344bb503e38289bf4b1
http://188.209.52.52/perl.pl	cf3e27fbc55012022590b195c26588a792ee6c81d3c87344bb503e38289bf4b1
http://musti.be/lul	c8f393222de8ae2822b854f9a70b8858591535ef16125b1b283893945fdda197
http://musti.be/lul	c8f393222de8ae2822b854f9a70b8858591535ef16125b1b283893945fdda197
http://musti.be/lul	c8f393222de8ae2822b854f9a70b8858591535ef16125b1b283893945fdda197
http://musti.be/lul	c8f393222de8ae2822b854f9a70b8858591535ef16125b1b283893945fdda197
http://musti.be/lul	c8f393222de8ae2822b854f9a70b8858591535ef16125b1b283893945fdda197
http://musti.be/lul	c8f393222de8ae2822b854f9a70b8858591535ef16125b1b283893945fdda197
http://musti.be/lul	c8f393222de8ae2822b854f9a70b8858591535ef16125b1b283893945fdda197
http://musti.be/lul	c8f393222de8ae2822b854f9a70b8858591535ef16125b1b283893945fdda197
http://musti.be/lul	c8f393222de8ae2822b854f9a70b8858591535ef16125b1b283893945fdda197
http://musti.be/lul	c8f393222de8ae2822b854f9a70b8858591535ef16125b1b283893945fdda197
http://kiburici.party/test.py	08af78a571bd760f8332debffc8e06b9b7a1c5db7366e4e25203e51222f7688a
http://musti.be/lul	c8f393222de8ae2822b854f9a70b8858591535ef16125b1b283893945fdda197
http://musti.be/lul	c8f393222de8ae2822b854f9a70b8858591535ef16125b1b283893945fdda197
http://musti.be/lul	c8f393222de8ae2822b854f9a70b8858591535ef16125b1b283893945fdda197
http://musti.be/lul	c8f393222de8ae2822b854f9a70b8858591535ef16125b1b283893945fdda197
http://23.234.25.140:15826/linux	f5c0b6977b985f03d6eced64343ac56c37f0b847d8ca85110dc489f996db310e
http://musti.be/lul	c8f393222de8ae2822b854f9a70b8858591535ef16125b1b283893945fdda197
http://musti.be/lul	c8f393222de8ae2822b854f9a70b8858591535ef16125b1b283893945fdda197
http://musti.be/lul	c8f393222de8ae2822b854f9a70b8858591535ef16125b1b283893945fdda197
http://musti.be/lul	c8f393222de8ae2822b854f9a70b8858591535ef16125b1b283893945fdda197
http://musti.be/lul	c8f393222de8ae2822b854f9a70b8858591535ef16125b1b283893945fdda197
http://musti.be/lul	c8f393222de8ae2822b854f9a70b8858591535ef16125b1b283893945fdda197
http://musti.be/lul	c8f393222de8ae2822b854f9a70b8858591535ef16125b1b283893945fdda197
http://musti.be/lul	c8f393222de8ae2822b854f9a70b8858591535ef16125b1b283893945fdda197
http://musti.be/lul	c8f393222de8ae2822b854f9a70b8858591535ef16125b1b283893945fdda197
http://musti.be/lul	c8f393222de8ae2822b854f9a70b8858591535ef16125b1b283893945fdda197
http://musti.be/lul	c8f393222de8ae2822b854f9a70b8858591535ef16125b1b283893945fdda197
http://musti.be/lul	c8f393222de8ae2822b854f9a70b8858591535ef16125b1b283893945fdda197
http://117.21.173.4:5896/Zidong	769796c9300a13bf6e85b8e43114d7d2f0ffb91fe15d64bd06a9c3eff0f51784
http://117.21.173.4:5896/Zidong	769796c9300a13bf6e85b8e43114d7d2f0ffb91fe15d64bd06a9c3eff0f51784
http://203.238.187.59/shop/upload/6816	4dd11516b0b10cdd0b426fc0032a1978a93033b6ea96ef3191651912fc18d732
http://203.238.187.59/shop/upload/6915	4dd11516b0b10cdd0b426fc0032a1978a93033b6ea96ef3191651912fc18d732
http://23.234.25.140:15826/udp	da2a3acb7a40ceca3d89f84583703ddc1003a5448e9b1dcda7dea986a4d84f82
http://121.12.127.125:5198/breeb	22acffe94db67f5cbbdf2a6c0643b91202839fd6e588f939e9dba8ab20390cbb
http://103.41.177.234/sshsniff.tgz	e5ba8cccfe7ec7ee4d11d49762607c8bb232c744e27c960effd437f2462fb322
http://arhive112.tk/mix.zip	211c6f9f6de86766fb2c6609bcda86677d81500f80c23b95cb5f716ffa7a1416
http://arhive112.tk/msq	195a06e0ddf4348c504730511fb991694cda4827fd0e5beb6da62289be608f61
http://arhive112.tk/msq	195a06e0ddf4348c504730511fb991694cda4827fd0e5beb6da62289be608f61
http://carpeintex.uphero.com/test.py	2d68e605d5c23507a502f69a93d7c352cbe40ebee54a1b54944ef535add0a02b
http://silecyber.esy.es/mix.tgz	690cdfeeb139dbd884629c07d4e339449dcd78f4574599760170e75e13a3cd1c
http://arhive112.tk/m	261d2bf566e799031cf201d389abeed0a2bc8cc3edbc798b6ed09cba060ddd98
http://222.186.30.148:123/123	a58b09abd5b98d577bd7da549ba0e7bcdd4fd3e44a6afc23446cf2cf44d1d326
http://downloads.sourceforge.net/project/cs16hldslinux/hlds.tar.gz	f21a74f7110824fb49ff31f4dd04dc5e3ef6fad245d948026fa188b551d2ea20
http://download.fioriginal.ro/cs/amxmodx-1.8.1-base.tar.gz	90988646a722a11deb73eeeb4c7ff0b955492df36a5884532f683df9338eb128
http://download.fioriginal.ro/cs/amxmodx-1.8.1-cstrike.tar.gz	290adf12a2c36f1d9f25d9f72a51415cd76fd1cf6933a3c07925489e710fbbec
http://download.fioriginal.ro/cs/dproto-0.9.87.zip	e6fec43a2741560d37e199790d196d82b26d23c4179c22c8dd0925d1249d27c2
http://download.fioriginal.ro/cs/metamod-1.19-linux.tar.gz	5124372ba7ba5c8b5fad658918473261034d0c4664037770019aa1fd0f4c9603
http://222.186.31.188:8080/ux	24bd49b9b2f26c40470465a9112ce6a348af5e6002fd4670114c441c205c1d05
http://222.186.31.188:8080/ux	24bd49b9b2f26c40470465a9112ce6a348af5e6002fd4670114c441c205c1d05
http://badluckjosh.pw/dongs/blj.sh	71a3cb563b6650d3f0fce010b53cdaf525ca9d935ee1a4b03249e0aa3fec2c16
http://werwolf.16mb.com/openvpn-install.sh	b25c32b6d31d6d161718e30eae32bc2854017d5258a8e980f96730c5494d6e4c
http://190.248.133.186/fileLOG.tgz	135f0e61ff052a1689eb2e7e5ce9c7551bd7872cff92450bfd991481036f99d6
http://190.248.133.186/lug.txt	987acbb60fb75ee7eede8752d18839eed660b5271980ef1d8a24877cbf1ad0e1
http://208.67.1.5/bbin.sh	252ef1339c3232caf5d48ab83c268a9d753dff70c6ad2b67c0655ebee9f70cd2
http://badluckjosh.pw/dongs/blj.sh	71a3cb563b6650d3f0fce010b53cdaf525ca9d935ee1a4b03249e0aa3fec2c16
http://192.184.40.82:4233/xff	ec6241a09cf9d3aba038704262f562ef0bf435cdcd41df5b3f30bbb40aee5d10
http://94.102.56.238/pbot.pl	6f07f9ec96e5193562706efc7c2a03a920f30ca6f203aa83e72bd2ffe8efa402
http://192.184.40.82:4233/xff	ec6241a09cf9d3aba038704262f562ef0bf435cdcd41df5b3f30bbb40aee5d10
http://badluckjosh.pw/dongs/blj.sh	71a3cb563b6650d3f0fce010b53cdaf525ca9d935ee1a4b03249e0aa3fec2c16
http://94.102.56.238/pbot.pl	6f07f9ec96e5193562706efc7c2a03a920f30ca6f203aa83e72bd2ffe8efa402
http://badluckjosh.pw/dongs/idfkwhattonamethislel.pl	8e9589481dcbf2cddb05d687a5ed826563999f5006f1cfa2e54d12e13f9d1c46
http://badluckjosh.pw/dongs/blj.sh	71a3cb563b6650d3f0fce010b53cdaf525ca9d935ee1a4b03249e0aa3fec2c16
http://222.186.30.148:1/ccc	a58b09abd5b98d577bd7da549ba0e7bcdd4fd3e44a6afc23446cf2cf44d1d326
http://badluckjosh.pw/dongs/blj.sh	71a3cb563b6650d3f0fce010b53cdaf525ca9d935ee1a4b03249e0aa3fec2c16
http://203.238.187.59/shop/upload/6618	4dd11516b0b10cdd0b426fc0032a1978a93033b6ea96ef3191651912fc18d732
http://120.76.120.244:8080/niuniu88	ef13ce6745fb1917175eaad93390f0ce531517febb7e6209de2bb9adeb01f808
http://120.76.120.244:8080/niuniu88	ef13ce6745fb1917175eaad93390f0ce531517febb7e6209de2bb9adeb01f808
http://118.193.220.154:1211/Linux	005d1c522946fa4cc53e9bb47c4c1cd40fbc797941d50307989bda4c807d611e
http://118.193.220.154:1211/Linux	005d1c522946fa4cc53e9bb47c4c1cd40fbc797941d50307989bda4c807d611e
http://121.12.127.125:5198/breeb	22acffe94db67f5cbbdf2a6c0643b91202839fd6e588f939e9dba8ab20390cbb
http://104.223.17.88:8858/synn	00746742326eefc8041584babc7d6ed2d1f52c07855f085c04a379f4986b7a22
http://23.234.25.140:15826/3.14	bfa080c361c8180c681d0ba3c9663e9e933352f4ec3396c486f2094def27a2c2
http://badluckjosh.pw/dongs/blj.sh	ea35c320a405c4e703219cfa18bab432d3e0c7b4743b11a40336df50c38e84b9
http://192.184.40.82:4233/xff	ec6241a09cf9d3aba038704262f562ef0bf435cdcd41df5b3f30bbb40aee5d10
http://192.184.40.82:4233/xff	ec6241a09cf9d3aba038704262f562ef0bf435cdcd41df5b3f30bbb40aee5d10
http://zmeu.me.la/underz.txt	4bc57839a2cd57e5b86c9d3d0a272a59f0a4a23089accd93e57c732572056113
http://zmeu.me.la/underz.txt	4bc57839a2cd57e5b86c9d3d0a272a59f0a4a23089accd93e57c732572056113
http://192.184.40.82:4233/xff	ec6241a09cf9d3aba038704262f562ef0bf435cdcd41df5b3f30bbb40aee5d10
http://192.184.40.82:4233/xff	ec6241a09cf9d3aba038704262f562ef0bf435cdcd41df5b3f30bbb40aee5d10
http://121.12.127.125:5198/breeb	22acffe94db67f5cbbdf2a6c0643b91202839fd6e588f939e9dba8ab20390cbb
http://121.12.127.125:5198/breeb	22acffe94db67f5cbbdf2a6c0643b91202839fd6e588f939e9dba8ab20390cbb
http://203.238.187.59/shop/upload/cx	111461ad6028da9531227c2ada8e9f5187757f3d49dd8d491281b5d221f9300c
http://46.101.16.226/poo.sh	0aa0ccb8548ac377829333f1ef5acfc73eaff4e6625637110472189ce3bec6b7
http://badluckjosh.pw/dongs/blj.sh	ea35c320a405c4e703219cfa18bab432d3e0c7b4743b11a40336df50c38e84b9
http://192.184.40.82:4233/xff	ec6241a09cf9d3aba038704262f562ef0bf435cdcd41df5b3f30bbb40aee5d10
http://badluckjosh.pw/dongs/blj.sh	ea35c320a405c4e703219cfa18bab432d3e0c7b4743b11a40336df50c38e84b9
http://badluckjosh.pw/dongs/blj.sh	ea35c320a405c4e703219cfa18bab432d3e0c7b4743b11a40336df50c38e84b9
http://badluckjosh.pw/dongs/blj.sh	ea35c320a405c4e703219cfa18bab432d3e0c7b4743b11a40336df50c38e84b9
http://192.184.40.82:4233/xff	ec6241a09cf9d3aba038704262f562ef0bf435cdcd41df5b3f30bbb40aee5d10
http://192.184.40.82:4233/xff	ec6241a09cf9d3aba038704262f562ef0bf435cdcd41df5b3f30bbb40aee5d10
http://208.67.1.57/Bot/stun.sh	bd3f674edb035fcdeb014be073807b10754e0f2d6a53231e4b94823afc45e5b0
http://121.12.127.125:5198/breeb	22acffe94db67f5cbbdf2a6c0643b91202839fd6e588f939e9dba8ab20390cbb
http://192.184.40.82:4233/xff	ec6241a09cf9d3aba038704262f562ef0bf435cdcd41df5b3f30bbb40aee5d10
http://192.184.40.82:8185/mips	8eabe2f49a8d5f8093143189d49ca028f8d31c453ff09fb15c9ce94221faf8f2
http://203.238.187.59/shop/upload/6111	111461ad6028da9531227c2ada8e9f5187757f3d49dd8d491281b5d221f9300c
http://192.184.40.82:8185/mips	8eabe2f49a8d5f8093143189d49ca028f8d31c453ff09fb15c9ce94221faf8f2
http://192.184.40.82:8185/Linux	ec6241a09cf9d3aba038704262f562ef0bf435cdcd41df5b3f30bbb40aee5d10
http://192.184.40.82:8185/ux2.6	ec6241a09cf9d3aba038704262f562ef0bf435cdcd41df5b3f30bbb40aee5d10
http://192.184.40.82:8185/arm	f29b11b23dae0c5b8b5a241e4962c06d73e315a0406b1ddb8c803eef09906207
http://badluckjosh.pw/dongs/blj.sh	ea35c320a405c4e703219cfa18bab432d3e0c7b4743b11a40336df50c38e84b9
http://192.184.40.82:8185/arm	f29b11b23dae0c5b8b5a241e4962c06d73e315a0406b1ddb8c803eef09906207
http://185.103.252.14/gb.sh	e0716dce38e0654f166bc0ab11793690466029ac3fc2a50b4d676ef10f2fb02a
http://121.12.127.125:5198/breeb	22acffe94db67f5cbbdf2a6c0643b91202839fd6e588f939e9dba8ab20390cbb
http://208.67.1.59/bin.sh	88dff0ef5e8d15c301c205f88d8ea4c15bb524c49d16d97d1b0f87112f459aab
http://185.103.252.153/bin.sh	b89ac416008ab1dd22a2c8589305fc20d4ae9aeb6ec416fe3147dc4730d092db
http://203.238.187.59/shop/upload/6111	0979f209f17442bf43c4e947168b8dc76f986b33d93c5659926fd315cc889ee5
http://185.103.252.153/bin.sh	b89ac416008ab1dd22a2c8589305fc20d4ae9aeb6ec416fe3147dc4730d092db
http://185.103.252.153/bin.sh	b89ac416008ab1dd22a2c8589305fc20d4ae9aeb6ec416fe3147dc4730d092db
http://185.103.252.153/bin.sh	b89ac416008ab1dd22a2c8589305fc20d4ae9aeb6ec416fe3147dc4730d092db
http://badluckjosh.pw/dongs/blj.sh	ea35c320a405c4e703219cfa18bab432d3e0c7b4743b11a40336df50c38e84b9
http://192.184.40.82:8185/mips	8eabe2f49a8d5f8093143189d49ca028f8d31c453ff09fb15c9ce94221faf8f2
http://80.82.64.90/b1gb1n.sh	4d05c56568aafce28f8fcd3bf5d8d45251ace15eed9388858f7760d2a78909a4
http://80.82.64.90/b1gb1n.sh	4d05c56568aafce28f8fcd3bf5d8d45251ace15eed9388858f7760d2a78909a4
http://80.82.64.90/b1gb1n.sh	4d05c56568aafce28f8fcd3bf5d8d45251ace15eed9388858f7760d2a78909a4
http://23.234.25.140:15826/linux	f5c0b6977b985f03d6eced64343ac56c37f0b847d8ca85110dc489f996db310e
http://23.234.25.140:15826/linux	f5c0b6977b985f03d6eced64343ac56c37f0b847d8ca85110dc489f996db310e
http://23.234.25.140:15826/linux	f5c0b6977b985f03d6eced64343ac56c37f0b847d8ca85110dc489f996db310e
http://23.234.25.140:15826/linux	f5c0b6977b985f03d6eced64343ac56c37f0b847d8ca85110dc489f996db310e
http://23.234.25.140:15826/linux	f5c0b6977b985f03d6eced64343ac56c37f0b847d8ca85110dc489f996db310e
http://23.234.25.140:15826/linux	f5c0b6977b985f03d6eced64343ac56c37f0b847d8ca85110dc489f996db310e
http://23.234.25.140:15826/linux	f5c0b6977b985f03d6eced64343ac56c37f0b847d8ca85110dc489f996db310e
http://23.234.25.140:15826/linux	f5c0b6977b985f03d6eced64343ac56c37f0b847d8ca85110dc489f996db310e
http://23.234.25.140:15826/linux	f5c0b6977b985f03d6eced64343ac56c37f0b847d8ca85110dc489f996db310e
http://23.234.25.140:15826/linux	f5c0b6977b985f03d6eced64343ac56c37f0b847d8ca85110dc489f996db310e
http://23.234.25.140:15826/linux	f5c0b6977b985f03d6eced64343ac56c37f0b847d8ca85110dc489f996db310e
http://23.234.25.140:15826/linux	f5c0b6977b985f03d6eced64343ac56c37f0b847d8ca85110dc489f996db310e
http://23.234.25.140:15826/linux	f5c0b6977b985f03d6eced64343ac56c37f0b847d8ca85110dc489f996db310e
http://23.234.25.140:15826/linux	f5c0b6977b985f03d6eced64343ac56c37f0b847d8ca85110dc489f996db310e
http://192.184.40.82:8185/arm	f29b11b23dae0c5b8b5a241e4962c06d73e315a0406b1ddb8c803eef09906207
http://192.184.40.82:8185/dd-wrt	539caebbd609aec421f2c0a9504b3b2e17523ba3252291ada7496b1b1e3d8d51
http://89.36.223.140/core.sh	0ef4668b54e0b030adf7f99602d49df10fe285cf8f84e6dd83bdf8463cbc4ec2
http://192.184.40.82:8185/ux2.6	ec6241a09cf9d3aba038704262f562ef0bf435cdcd41df5b3f30bbb40aee5d10
http://80.82.64.90/gb.sh	0195025cdce69092b4cd06de8ec54ce15028bb7649a841726a00563ab13d5166
http://80.82.64.90/gb.sh	0195025cdce69092b4cd06de8ec54ce15028bb7649a841726a00563ab13d5166
http://80.82.64.90/gb.sh	0195025cdce69092b4cd06de8ec54ce15028bb7649a841726a00563ab13d5166
http://80.82.64.90/gb.sh	0195025cdce69092b4cd06de8ec54ce15028bb7649a841726a00563ab13d5166
http://80.82.64.90/gb.sh	0195025cdce69092b4cd06de8ec54ce15028bb7649a841726a00563ab13d5166
http://80.82.64.90/gb.sh	0195025cdce69092b4cd06de8ec54ce15028bb7649a841726a00563ab13d5166
http://80.82.64.90/gb.sh	0195025cdce69092b4cd06de8ec54ce15028bb7649a841726a00563ab13d5166
http://192.184.40.82:8185/ux2.4	56f9f6de6efcb8d05c1d9dc8b9ddca12f9fb4afd93c62e30ace3ac512aa6186b
http://wesaem.co.kr/download/m/5515	b8287196a4a9ca805698ab5dc377f275340552c70fd04bce08dc11ea48230e1c
http://80.82.64.90/gbb.sh	0195025cdce69092b4cd06de8ec54ce15028bb7649a841726a00563ab13d5166
http://183.61.254.103:5198/breeb	22acffe94db67f5cbbdf2a6c0643b91202839fd6e588f939e9dba8ab20390cbb
http://192.184.40.82:8080/arm	40b3b7290bea223e15cacba7fbcfa31724e0f47da17df417320eeb9e619bddb1
http://80.82.64.90/gbb.sh	0195025cdce69092b4cd06de8ec54ce15028bb7649a841726a00563ab13d5166
http://183.61.254.103:5198/breeb	22acffe94db67f5cbbdf2a6c0643b91202839fd6e588f939e9dba8ab20390cbb
http://80.82.64.90/gbb.sh	0195025cdce69092b4cd06de8ec54ce15028bb7649a841726a00563ab13d5166
http://222.186.31.188:457/789	23b4dc9979607a8fd934d4466edd15824277ebdd66c92538aac431d0338bd622
http://222.186.31.188:457/789	23b4dc9979607a8fd934d4466edd15824277ebdd66c92538aac431d0338bd622
http://222.186.31.188:457/Linux2.4	d78f10d3a5922f8d5ccb66b2eb62499562afbe8642c0699943f0721bc30f22e0
http://accesdenied.hi2.ro/test.py	08af78a571bd760f8332debffc8e06b9b7a1c5db7366e4e25203e51222f7688a
http://23.234.25.140:15826/g251	0f59819c0394537dc96ff243c24d432fc47f44fc72cfc4ccba43c8e5bde8bcf2
http://23.234.25.140:15826/g251	0f59819c0394537dc96ff243c24d432fc47f44fc72cfc4ccba43c8e5bde8bcf2
http://192.184.40.82:8080/aarm	f29b11b23dae0c5b8b5a241e4962c06d73e315a0406b1ddb8c803eef09906207
http://58.221.66.225/nu2.6	bcbd7339c9874493ef824885ebc12d8065f65384144f27ae0b4db7e8f0de1e40
http://58.221.66.225/arm	3d53e12541f72ee3c84710b892531a838c4cd825930a22450338f7cee7bc0294
http://185.62.190.2/bins.sh	28a572fecae4b5dee05857716d113265ff35cea2abd2539a20c09512ab61ddd0
http://58.221.66.225/dd-wrt	e5503a964bd23fb750e2836e32866f18c600ef25d91c958916d7c85569eaaa61
http://58.221.66.225/arm	3d53e12541f72ee3c84710b892531a838c4cd825930a22450338f7cee7bc0294
http://58.221.66.225/mips	c6f90977b06ce4d65e94139aedcfcee6382da9d69fa8a483dab42fde6f28b762
http://180.97.215.50:888/aa	9a9bc7aa6ff9a5248614953279c42039ba0c941acaea7fbdb816ad8af8cc1e23
http://180.97.215.50:888	56e484562ed02672a0ce4b58a7910fdd4847e9bfa8f73adfede7e2438467d352
http://23.234.25.140:15826/g251	0f59819c0394537dc96ff243c24d432fc47f44fc72cfc4ccba43c8e5bde8bcf2
http://162.243.31.22/Bots/B.sh	5b55d6484a41a3feb720708dc64079e34dc80135af24347c5efb093e4d854c59
http://58.221.66.225/arm	3d53e12541f72ee3c84710b892531a838c4cd825930a22450338f7cee7bc0294
http://58.221.66.225/arm	3d53e12541f72ee3c84710b892531a838c4cd825930a22450338f7cee7bc0294
http://58.221.66.225:9963/arm	3d53e12541f72ee3c84710b892531a838c4cd825930a22450338f7cee7bc0294
http://125.88.146.85:11111/fang	db7bf29be348e59ac1085f56359137d8f7027fba2b445fd429b7c96ec2cc291a
http://125.88.146.85:11111/fand	db7bf29be348e59ac1085f56359137d8f7027fba2b445fd429b7c96ec2cc291a
http://125.88.146.85:11111/fans	2b22ec2e100db0b8c018505a61ca0c86b9400fbcd233f2d5eef8df8cdd7de2cf
http://125.88.146.85:11111/fann	2b22ec2e100db0b8c018505a61ca0c86b9400fbcd233f2d5eef8df8cdd7de2cf
http://125.88.146.85:11111/fank	dee0c000e7a93497c14aab24d1c562164115e0ed8a934ba0940ef1251505e672
http://162.243.31.22/Bots/B.sh	5b55d6484a41a3feb720708dc64079e34dc80135af24347c5efb093e4d854c59
http://badluckjosh.pw/dongs/blj.sh	ea35c320a405c4e703219cfa18bab432d3e0c7b4743b11a40336df50c38e84b9
http://162.243.31.22/Bots/B.sh	5b55d6484a41a3feb720708dc64079e34dc80135af24347c5efb093e4d854c59
http://58.221.66.225:9963/arm	3d53e12541f72ee3c84710b892531a838c4cd825930a22450338f7cee7bc0294
http://badluckjosh.pw/dongs/blj.sh	ea35c320a405c4e703219cfa18bab432d3e0c7b4743b11a40336df50c38e84b9
http://badluckjosh.pw/dongs/blj.sh	ea35c320a405c4e703219cfa18bab432d3e0c7b4743b11a40336df50c38e84b9
http://badluckjosh.pw/dongs/blj.sh	ea35c320a405c4e703219cfa18bab432d3e0c7b4743b11a40336df50c38e84b9
http://125.88.146.85:11111/fang	db7bf29be348e59ac1085f56359137d8f7027fba2b445fd429b7c96ec2cc291a
http://125.88.146.85:11111/fann	2b22ec2e100db0b8c018505a61ca0c86b9400fbcd233f2d5eef8df8cdd7de2cf
http://183.61.254.103:5198/breeb	22acffe94db67f5cbbdf2a6c0643b91202839fd6e588f939e9dba8ab20390cbb
http://badluckjosh.pw/dongs/blj.sh	ea35c320a405c4e703219cfa18bab432d3e0c7b4743b11a40336df50c38e84b9
http://badluckjosh.pw/dongs/blj.sh	ea35c320a405c4e703219cfa18bab432d3e0c7b4743b11a40336df50c38e84b9
http://badluckjosh.pw/dongs/blj.sh	ea35c320a405c4e703219cfa18bab432d3e0c7b4743b11a40336df50c38e84b9
http://154.16.63.90/gb.sh	f226a33020308c49b533b3bccf755b9c1df986b0ba3580d9840c5ab3f228f5ca
http://154.16.63.90/gb.sh	f226a33020308c49b533b3bccf755b9c1df986b0ba3580d9840c5ab3f228f5ca
http://154.16.63.90/gb.sh	f226a33020308c49b533b3bccf755b9c1df986b0ba3580d9840c5ab3f228f5ca
http://154.16.63.90/gb.sh	f226a33020308c49b533b3bccf755b9c1df986b0ba3580d9840c5ab3f228f5ca
http://154.16.63.90/gb.sh	f226a33020308c49b533b3bccf755b9c1df986b0ba3580d9840c5ab3f228f5ca
http://80.82.64.190/bin.sh	c0fe6f83f5c2370e0f34b72b703b619a87ffc4c2bf41a2ceb7a6097b34f1309a
http://80.82.64.190/bin.sh	c0fe6f83f5c2370e0f34b72b703b619a87ffc4c2bf41a2ceb7a6097b34f1309a
http://80.82.64.190/bin.sh	c0fe6f83f5c2370e0f34b72b703b619a87ffc4c2bf41a2ceb7a6097b34f1309a
http://80.82.64.190/bin.sh	c0fe6f83f5c2370e0f34b72b703b619a87ffc4c2bf41a2ceb7a6097b34f1309a
http://80.82.64.190/bin.sh	c0fe6f83f5c2370e0f34b72b703b619a87ffc4c2bf41a2ceb7a6097b34f1309a
http://80.82.64.190/bin.sh	c0fe6f83f5c2370e0f34b72b703b619a87ffc4c2bf41a2ceb7a6097b34f1309a
http://80.82.64.190/bin.sh	c0fe6f83f5c2370e0f34b72b703b619a87ffc4c2bf41a2ceb7a6097b34f1309a
http://80.82.64.190/bin.sh	c0fe6f83f5c2370e0f34b72b703b619a87ffc4c2bf41a2ceb7a6097b34f1309a
http://80.82.64.190/bin.sh	c0fe6f83f5c2370e0f34b72b703b619a87ffc4c2bf41a2ceb7a6097b34f1309a
http://80.82.64.190/bin.sh	c0fe6f83f5c2370e0f34b72b703b619a87ffc4c2bf41a2ceb7a6097b34f1309a
http://154.16.63.90/gb.sh	f226a33020308c49b533b3bccf755b9c1df986b0ba3580d9840c5ab3f228f5ca
http://80.82.64.190/bin.sh	c0fe6f83f5c2370e0f34b72b703b619a87ffc4c2bf41a2ceb7a6097b34f1309a
http://154.16.63.90/gb.sh	9ba96bd788c8b23fdabf5ddde9ba906a25587139e47e9acc2c067514a2e8a425
http://154.16.63.90/gb.sh	9ba96bd788c8b23fdabf5ddde9ba906a25587139e47e9acc2c067514a2e8a425
http://154.16.63.90/gb.sh	9ba96bd788c8b23fdabf5ddde9ba906a25587139e47e9acc2c067514a2e8a425
http://154.16.63.90/gb.sh	9ba96bd788c8b23fdabf5ddde9ba906a25587139e47e9acc2c067514a2e8a425
http://154.16.63.90/gb.sh	9ba96bd788c8b23fdabf5ddde9ba906a25587139e47e9acc2c067514a2e8a425
http://154.16.63.90/gb.sh	9ba96bd788c8b23fdabf5ddde9ba906a25587139e47e9acc2c067514a2e8a425
http://154.16.63.90/gb.sh	9ba96bd788c8b23fdabf5ddde9ba906a25587139e47e9acc2c067514a2e8a425
http://154.16.63.90/gb.sh	9ba96bd788c8b23fdabf5ddde9ba906a25587139e47e9acc2c067514a2e8a425
http://154.16.63.90/gb.sh	9ba96bd788c8b23fdabf5ddde9ba906a25587139e47e9acc2c067514a2e8a425
http://154.16.63.90/gb.sh	9ba96bd788c8b23fdabf5ddde9ba906a25587139e47e9acc2c067514a2e8a425
http://80.82.64.190/bin.sh	c0fe6f83f5c2370e0f34b72b703b619a87ffc4c2bf41a2ceb7a6097b34f1309a
http://80.82.64.190/bin.sh	c0fe6f83f5c2370e0f34b72b703b619a87ffc4c2bf41a2ceb7a6097b34f1309a
http://80.82.64.190/bin.sh	c0fe6f83f5c2370e0f34b72b703b619a87ffc4c2bf41a2ceb7a6097b34f1309a
http://80.82.64.190/bin.sh	c0fe6f83f5c2370e0f34b72b703b619a87ffc4c2bf41a2ceb7a6097b34f1309a
http://80.82.64.190/bin.sh	c0fe6f83f5c2370e0f34b72b703b619a87ffc4c2bf41a2ceb7a6097b34f1309a
http://80.82.64.190/bin.sh	c0fe6f83f5c2370e0f34b72b703b619a87ffc4c2bf41a2ceb7a6097b34f1309a
http://80.82.64.190/bin.sh	c0fe6f83f5c2370e0f34b72b703b619a87ffc4c2bf41a2ceb7a6097b34f1309a
http://80.82.64.190/bin.sh	c0fe6f83f5c2370e0f34b72b703b619a87ffc4c2bf41a2ceb7a6097b34f1309a
http://154.16.63.90/gb.sh	9ba96bd788c8b23fdabf5ddde9ba906a25587139e47e9acc2c067514a2e8a425
http://154.16.63.90/gb.sh	9ba96bd788c8b23fdabf5ddde9ba906a25587139e47e9acc2c067514a2e8a425
http://154.16.63.90/gb.sh	9ba96bd788c8b23fdabf5ddde9ba906a25587139e47e9acc2c067514a2e8a425
http://154.16.63.90/gb.sh	9ba96bd788c8b23fdabf5ddde9ba906a25587139e47e9acc2c067514a2e8a425
http://125.88.146.85:11111/dage	2b22ec2e100db0b8c018505a61ca0c86b9400fbcd233f2d5eef8df8cdd7de2cf
http://125.88.146.85:11111/fan	db7bf29be348e59ac1085f56359137d8f7027fba2b445fd429b7c96ec2cc291a
http://80.82.64.190/bin.sh	c0fe6f83f5c2370e0f34b72b703b619a87ffc4c2bf41a2ceb7a6097b34f1309a
http://80.82.64.190/bin.sh	c0fe6f83f5c2370e0f34b72b703b619a87ffc4c2bf41a2ceb7a6097b34f1309a
http://wesaem.co.kr/download/m/5515	d8e6009192ca12f8a18d6015f4e9ea26174994d44bd1b034f8c15d8326af3089
