download_url,download_md5_hash
smb://195.11.168.26,d41d8cd98f00b204e9800998ecf8427e
smb://195.11.168.26,d41d8cd98f00b204e9800998ecf8427e
smb://195.11.168.26,d41d8cd98f00b204e9800998ecf8427e
smb://195.11.168.26,d41d8cd98f00b204e9800998ecf8427e
smb://117.0.0.208,e963ba9da3de623e0e3199e87a3c903d
smb://117.0.0.208,27004081971f4914386a56f04916d486
smb://86.158.58.237,8d2932dffe1b62d81df3dcd47f7799bc
smb://86.158.58.237,c99e235fd91a121bbf193c471229d07b
smb://189.83.238.99,8d2932dffe1b62d81df3dcd47f7799bc
smb://189.83.238.99,27004081971f4914386a56f04916d486
smb://189.83.238.99,27004081971f4914386a56f04916d486
